"algorithm","sex","measure","region","N_total","N_per_sex","mu_hat_sd"
"MFP","F","thickness","lh_bankssts_thickness",10,10,0.0393182229409292
"MFP","F","thickness","lh_caudalanteriorcingulate_thickness",10,10,0.0560188145994281
"MFP","F","thickness","lh_caudalmiddlefrontal_thickness",10,10,0.0286619562065596
"MFP","F","thickness","lh_cuneus_thickness",10,10,0.0347584412877655
"MFP","F","thickness","lh_entorhinal_thickness",10,10,0.0970066909066273
"MFP","F","thickness","lh_fusiform_thickness",10,10,0.0312609320073515
"MFP","F","thickness","lh_inferiorparietal_thickness",10,10,0.0291845098772475
"MFP","F","thickness","lh_inferiortemporal_thickness",10,10,0.0361244643811882
"MFP","F","thickness","lh_isthmuscingulate_thickness",10,10,0.0517235074255065
"MFP","F","thickness","lh_lateraloccipital_thickness",10,10,0.0265426946274287
"MFP","F","thickness","lh_lateralorbitofrontal_thickness",10,10,0.0447741637116057
"MFP","F","thickness","lh_lingual_thickness",10,10,0.0376122782357454
"MFP","F","thickness","lh_medialorbitofrontal_thickness",10,10,0.0512215860786953
"MFP","F","thickness","lh_middletemporal_thickness",10,10,0.0359641285405542
"MFP","F","thickness","lh_parahippocampal_thickness",10,10,0.0735190104935169
"MFP","F","thickness","lh_paracentral_thickness",10,10,0.0321877001187019
"MFP","F","thickness","lh_parsopercularis_thickness",10,10,0.0338275358361766
"MFP","F","thickness","lh_parsorbitalis_thickness",10,10,0.0434415992682661
"MFP","F","thickness","lh_parstriangularis_thickness",10,10,0.0305851810483422
"MFP","F","thickness","lh_pericalcarine_thickness",10,10,0.0334710207480974
"MFP","F","thickness","lh_postcentral_thickness",10,10,0.0284085696487399
"MFP","F","thickness","lh_posteriorcingulate_thickness",10,10,0.0363968915224997
"MFP","F","thickness","lh_precentral_thickness",10,10,0.0279483237602399
"MFP","F","thickness","lh_precuneus_thickness",10,10,0.0208548355308491
"MFP","F","thickness","lh_rostralanteriorcingulate_thickness",10,10,0.0446267427768577
"MFP","F","thickness","lh_rostralmiddlefrontal_thickness",10,10,0.0262048898066039
"MFP","F","thickness","lh_superiorfrontal_thickness",10,10,0.0262976033747215
"MFP","F","thickness","lh_superiorparietal_thickness",10,10,0.0215299265583721
"MFP","F","thickness","lh_superiortemporal_thickness",10,10,0.0283767523480116
"MFP","F","thickness","lh_supramarginal_thickness",10,10,0.0265955314412374
"MFP","F","thickness","lh_frontalpole_thickness",10,10,0.0962067995651873
"MFP","F","thickness","lh_temporalpole_thickness",10,10,0.0743479373414391
"MFP","F","thickness","lh_transversetemporal_thickness",10,10,0.0483220767181249
"MFP","F","thickness","lh_insula_thickness",10,10,0.0373529937251992
"MFP","F","thickness","rh_bankssts_thickness",10,10,0.0520282681462928
"MFP","F","thickness","rh_caudalanteriorcingulate_thickness",10,10,0.0798804677899859
"MFP","F","thickness","rh_caudalmiddlefrontal_thickness",10,10,0.0237780684662675
"MFP","F","thickness","rh_cuneus_thickness",10,10,0.0360112312739971
"MFP","F","thickness","rh_entorhinal_thickness",10,10,0.0979003026718224
"MFP","F","thickness","rh_fusiform_thickness",10,10,0.0396471449145452
"MFP","F","thickness","rh_inferiorparietal_thickness",10,10,0.0247848049302897
"MFP","F","thickness","rh_inferiortemporal_thickness",10,10,0.0293534095710371
"MFP","F","thickness","rh_isthmuscingulate_thickness",10,10,0.0633352450451916
"MFP","F","thickness","rh_lateraloccipital_thickness",10,10,0.0248499948256725
"MFP","F","thickness","rh_lateralorbitofrontal_thickness",10,10,0.0344083909022153
"MFP","F","thickness","rh_lingual_thickness",10,10,0.0373130038368832
"MFP","F","thickness","rh_medialorbitofrontal_thickness",10,10,0.0404369881790369
"MFP","F","thickness","rh_middletemporal_thickness",10,10,0.0291491833823075
"MFP","F","thickness","rh_parahippocampal_thickness",10,10,0.0686550163410448
"MFP","F","thickness","rh_paracentral_thickness",10,10,0.032356483240094
"MFP","F","thickness","rh_parsopercularis_thickness",10,10,0.0289949206904567
"MFP","F","thickness","rh_parsorbitalis_thickness",10,10,0.0461763481807721
"MFP","F","thickness","rh_parstriangularis_thickness",10,10,0.0386521213230594
"MFP","F","thickness","rh_pericalcarine_thickness",10,10,0.038627048043764
"MFP","F","thickness","rh_postcentral_thickness",10,10,0.025194433353264
"MFP","F","thickness","rh_posteriorcingulate_thickness",10,10,0.0398981651440936
"MFP","F","thickness","rh_precentral_thickness",10,10,0.0285268775628855
"MFP","F","thickness","rh_precuneus_thickness",10,10,0.0251924127518938
"MFP","F","thickness","rh_rostralanteriorcingulate_thickness",10,10,0.0515599649370128
"MFP","F","thickness","rh_rostralmiddlefrontal_thickness",10,10,0.0314120438565156
"MFP","F","thickness","rh_superiorfrontal_thickness",10,10,0.0250149947221018
"MFP","F","thickness","rh_superiorparietal_thickness",10,10,0.022119514347456
"MFP","F","thickness","rh_superiortemporal_thickness",10,10,0.0294025376452052
"MFP","F","thickness","rh_supramarginal_thickness",10,10,0.0268588174952756
"MFP","F","thickness","rh_frontalpole_thickness",10,10,0.085533906701496
"MFP","F","thickness","rh_temporalpole_thickness",10,10,0.0699227203483818
"MFP","F","thickness","rh_transversetemporal_thickness",10,10,0.0651277175979267
"MFP","F","thickness","rh_insula_thickness",10,10,0.0339230546717534
"MFP","F","thickness","lh_bankssts_thickness",20,20,0.0272333793081516
"MFP","F","thickness","lh_caudalanteriorcingulate_thickness",20,20,0.0360964809746872
"MFP","F","thickness","lh_caudalmiddlefrontal_thickness",20,20,0.0170006547374031
"MFP","F","thickness","lh_cuneus_thickness",20,20,0.024733620823121
"MFP","F","thickness","lh_entorhinal_thickness",20,20,0.0633454376494028
"MFP","F","thickness","lh_fusiform_thickness",20,20,0.0180921627661567
"MFP","F","thickness","lh_inferiorparietal_thickness",20,20,0.0213965339725165
"MFP","F","thickness","lh_inferiortemporal_thickness",20,20,0.0218707427872446
"MFP","F","thickness","lh_isthmuscingulate_thickness",20,20,0.0301572970559784
"MFP","F","thickness","lh_lateraloccipital_thickness",20,20,0.0161197463224476
"MFP","F","thickness","lh_lateralorbitofrontal_thickness",20,20,0.0317741269589084
"MFP","F","thickness","lh_lingual_thickness",20,20,0.0227070652717963
"MFP","F","thickness","lh_medialorbitofrontal_thickness",20,20,0.0344935815010658
"MFP","F","thickness","lh_middletemporal_thickness",20,20,0.0220969711383002
"MFP","F","thickness","lh_parahippocampal_thickness",20,20,0.0539075169518774
"MFP","F","thickness","lh_paracentral_thickness",20,20,0.0248073425106668
"MFP","F","thickness","lh_parsopercularis_thickness",20,20,0.0203572399893874
"MFP","F","thickness","lh_parsorbitalis_thickness",20,20,0.0270234103254665
"MFP","F","thickness","lh_parstriangularis_thickness",20,20,0.0180596679070204
"MFP","F","thickness","lh_pericalcarine_thickness",20,20,0.0224871636787632
"MFP","F","thickness","lh_postcentral_thickness",20,20,0.0178938458108723
"MFP","F","thickness","lh_posteriorcingulate_thickness",20,20,0.0207869952302311
"MFP","F","thickness","lh_precentral_thickness",20,20,0.0196671860095
"MFP","F","thickness","lh_precuneus_thickness",20,20,0.0128332767245957
"MFP","F","thickness","lh_rostralanteriorcingulate_thickness",20,20,0.0271351876293379
"MFP","F","thickness","lh_rostralmiddlefrontal_thickness",20,20,0.016194445029282
"MFP","F","thickness","lh_superiorfrontal_thickness",20,20,0.0150683221260365
"MFP","F","thickness","lh_superiorparietal_thickness",20,20,0.0184616109470756
"MFP","F","thickness","lh_superiortemporal_thickness",20,20,0.0201496173648914
"MFP","F","thickness","lh_supramarginal_thickness",20,20,0.0143064539291952
"MFP","F","thickness","lh_frontalpole_thickness",20,20,0.0596598377302587
"MFP","F","thickness","lh_temporalpole_thickness",20,20,0.0516860980839925
"MFP","F","thickness","lh_transversetemporal_thickness",20,20,0.0277259684737243
"MFP","F","thickness","lh_insula_thickness",20,20,0.0227277592503537
"MFP","F","thickness","rh_bankssts_thickness",20,20,0.0393313192758196
"MFP","F","thickness","rh_caudalanteriorcingulate_thickness",20,20,0.0377045882643545
"MFP","F","thickness","rh_caudalmiddlefrontal_thickness",20,20,0.0156401161005148
"MFP","F","thickness","rh_cuneus_thickness",20,20,0.0215735934912442
"MFP","F","thickness","rh_entorhinal_thickness",20,20,0.0597112360841334
"MFP","F","thickness","rh_fusiform_thickness",20,20,0.0240527644995344
"MFP","F","thickness","rh_inferiorparietal_thickness",20,20,0.0170647008817405
"MFP","F","thickness","rh_inferiortemporal_thickness",20,20,0.0202052215631859
"MFP","F","thickness","rh_isthmuscingulate_thickness",20,20,0.0382730429677815
"MFP","F","thickness","rh_lateraloccipital_thickness",20,20,0.015639873975177
"MFP","F","thickness","rh_lateralorbitofrontal_thickness",20,20,0.0233235127320239
"MFP","F","thickness","rh_lingual_thickness",20,20,0.0212617703978429
"MFP","F","thickness","rh_medialorbitofrontal_thickness",20,20,0.0304740550935184
"MFP","F","thickness","rh_middletemporal_thickness",20,20,0.0192384410397766
"MFP","F","thickness","rh_parahippocampal_thickness",20,20,0.0467849866161094
"MFP","F","thickness","rh_paracentral_thickness",20,20,0.0222327547373206
"MFP","F","thickness","rh_parsopercularis_thickness",20,20,0.0201287322434596
"MFP","F","thickness","rh_parsorbitalis_thickness",20,20,0.035168845952561
"MFP","F","thickness","rh_parstriangularis_thickness",20,20,0.021750284715931
"MFP","F","thickness","rh_pericalcarine_thickness",20,20,0.0241484061776383
"MFP","F","thickness","rh_postcentral_thickness",20,20,0.0167216808450872
"MFP","F","thickness","rh_posteriorcingulate_thickness",20,20,0.0257904883872881
"MFP","F","thickness","rh_precentral_thickness",20,20,0.01733344293814
"MFP","F","thickness","rh_precuneus_thickness",20,20,0.0168807194145707
"MFP","F","thickness","rh_rostralanteriorcingulate_thickness",20,20,0.0370189190873073
"MFP","F","thickness","rh_rostralmiddlefrontal_thickness",20,20,0.0229091975495482
"MFP","F","thickness","rh_superiorfrontal_thickness",20,20,0.0151947718130116
"MFP","F","thickness","rh_superiorparietal_thickness",20,20,0.0172046308276382
"MFP","F","thickness","rh_superiortemporal_thickness",20,20,0.0214353051923604
"MFP","F","thickness","rh_supramarginal_thickness",20,20,0.0187806733926594
"MFP","F","thickness","rh_frontalpole_thickness",20,20,0.053572886225372
"MFP","F","thickness","rh_temporalpole_thickness",20,20,0.041430007475904
"MFP","F","thickness","rh_transversetemporal_thickness",20,20,0.03866581188366
"MFP","F","thickness","rh_insula_thickness",20,20,0.026960928749364
"MFP","F","thickness","lh_bankssts_thickness",30,30,0.0207297339738782
"MFP","F","thickness","lh_caudalanteriorcingulate_thickness",30,30,0.0243459852495774
"MFP","F","thickness","lh_caudalmiddlefrontal_thickness",30,30,0.0112586079047884
"MFP","F","thickness","lh_cuneus_thickness",30,30,0.0170619549186314
"MFP","F","thickness","lh_entorhinal_thickness",30,30,0.0392169159275561
"MFP","F","thickness","lh_fusiform_thickness",30,30,0.0142764475931345
"MFP","F","thickness","lh_inferiorparietal_thickness",30,30,0.012754967770017
"MFP","F","thickness","lh_inferiortemporal_thickness",30,30,0.0172136550903563
"MFP","F","thickness","lh_isthmuscingulate_thickness",30,30,0.0210808904463208
"MFP","F","thickness","lh_lateraloccipital_thickness",30,30,0.011909094464334
"MFP","F","thickness","lh_lateralorbitofrontal_thickness",30,30,0.0190080565092075
"MFP","F","thickness","lh_lingual_thickness",30,30,0.016209240656549
"MFP","F","thickness","lh_medialorbitofrontal_thickness",30,30,0.0216704772513999
"MFP","F","thickness","lh_middletemporal_thickness",30,30,0.0156871107089643
"MFP","F","thickness","lh_parahippocampal_thickness",30,30,0.0304867868894012
"MFP","F","thickness","lh_paracentral_thickness",30,30,0.0151414236068937
"MFP","F","thickness","lh_parsopercularis_thickness",30,30,0.0133490420833797
"MFP","F","thickness","lh_parsorbitalis_thickness",30,30,0.0222782205307935
"MFP","F","thickness","lh_parstriangularis_thickness",30,30,0.0121811130206863
"MFP","F","thickness","lh_pericalcarine_thickness",30,30,0.0186668619082644
"MFP","F","thickness","lh_postcentral_thickness",30,30,0.0115233459463846
"MFP","F","thickness","lh_posteriorcingulate_thickness",30,30,0.0175838247304438
"MFP","F","thickness","lh_precentral_thickness",30,30,0.0145778694053879
"MFP","F","thickness","lh_precuneus_thickness",30,30,0.00929742754252577
"MFP","F","thickness","lh_rostralanteriorcingulate_thickness",30,30,0.0213000150054727
"MFP","F","thickness","lh_rostralmiddlefrontal_thickness",30,30,0.0120375547827519
"MFP","F","thickness","lh_superiorfrontal_thickness",30,30,0.0101064301309517
"MFP","F","thickness","lh_superiorparietal_thickness",30,30,0.0117533074764713
"MFP","F","thickness","lh_superiortemporal_thickness",30,30,0.0128582090150929
"MFP","F","thickness","lh_supramarginal_thickness",30,30,0.0123836917459513
"MFP","F","thickness","lh_frontalpole_thickness",30,30,0.0431866972459243
"MFP","F","thickness","lh_temporalpole_thickness",30,30,0.0403973950073327
"MFP","F","thickness","lh_transversetemporal_thickness",30,30,0.0204675713791651
"MFP","F","thickness","lh_insula_thickness",30,30,0.0174225225837734
"MFP","F","thickness","rh_bankssts_thickness",30,30,0.0246474636481127
"MFP","F","thickness","rh_caudalanteriorcingulate_thickness",30,30,0.0305594314111414
"MFP","F","thickness","rh_caudalmiddlefrontal_thickness",30,30,0.0108742591129782
"MFP","F","thickness","rh_cuneus_thickness",30,30,0.016474846183628
"MFP","F","thickness","rh_entorhinal_thickness",30,30,0.0418257579495278
"MFP","F","thickness","rh_fusiform_thickness",30,30,0.0172317540185616
"MFP","F","thickness","rh_inferiorparietal_thickness",30,30,0.0113003119699528
"MFP","F","thickness","rh_inferiortemporal_thickness",30,30,0.0133452034222789
"MFP","F","thickness","rh_isthmuscingulate_thickness",30,30,0.0259466898313669
"MFP","F","thickness","rh_lateraloccipital_thickness",30,30,0.0102500894696045
"MFP","F","thickness","rh_lateralorbitofrontal_thickness",30,30,0.0160293751507527
"MFP","F","thickness","rh_lingual_thickness",30,30,0.0154896695593489
"MFP","F","thickness","rh_medialorbitofrontal_thickness",30,30,0.0176457777743405
"MFP","F","thickness","rh_middletemporal_thickness",30,30,0.0125256249449778
"MFP","F","thickness","rh_parahippocampal_thickness",30,30,0.0285751170883254
"MFP","F","thickness","rh_paracentral_thickness",30,30,0.0164659336905025
"MFP","F","thickness","rh_parsopercularis_thickness",30,30,0.014313216092131
"MFP","F","thickness","rh_parsorbitalis_thickness",30,30,0.0230360438426962
"MFP","F","thickness","rh_parstriangularis_thickness",30,30,0.0158919513682675
"MFP","F","thickness","rh_pericalcarine_thickness",30,30,0.0186941469841373
"MFP","F","thickness","rh_postcentral_thickness",30,30,0.0116357973846721
"MFP","F","thickness","rh_posteriorcingulate_thickness",30,30,0.0182597518052222
"MFP","F","thickness","rh_precentral_thickness",30,30,0.0126888149215024
"MFP","F","thickness","rh_precuneus_thickness",30,30,0.0121537724470584
"MFP","F","thickness","rh_rostralanteriorcingulate_thickness",30,30,0.0254680794490242
"MFP","F","thickness","rh_rostralmiddlefrontal_thickness",30,30,0.0178450791935704
"MFP","F","thickness","rh_superiorfrontal_thickness",30,30,0.0108020672233106
"MFP","F","thickness","rh_superiorparietal_thickness",30,30,0.0105406270774844
"MFP","F","thickness","rh_superiortemporal_thickness",30,30,0.0129311537115071
"MFP","F","thickness","rh_supramarginal_thickness",30,30,0.0124459999531767
"MFP","F","thickness","rh_frontalpole_thickness",30,30,0.0390146534754283
"MFP","F","thickness","rh_temporalpole_thickness",30,30,0.029624486396704
"MFP","F","thickness","rh_transversetemporal_thickness",30,30,0.0276835106606486
"MFP","F","thickness","rh_insula_thickness",30,30,0.0172598776456325
"MFP","F","thickness","lh_bankssts_thickness",50,50,0.00924537461826633
"MFP","F","thickness","lh_caudalanteriorcingulate_thickness",50,50,0.0114742429496045
"MFP","F","thickness","lh_caudalmiddlefrontal_thickness",50,50,0.0057341086764561
"MFP","F","thickness","lh_cuneus_thickness",50,50,0.00880602046480839
"MFP","F","thickness","lh_entorhinal_thickness",50,50,0.0218708650434175
"MFP","F","thickness","lh_fusiform_thickness",50,50,0.00787769898345486
"MFP","F","thickness","lh_inferiorparietal_thickness",50,50,0.00688739928836442
"MFP","F","thickness","lh_inferiortemporal_thickness",50,50,0.00877041453283953
"MFP","F","thickness","lh_isthmuscingulate_thickness",50,50,0.0104845662650399
"MFP","F","thickness","lh_lateraloccipital_thickness",50,50,0.00622142383738008
"MFP","F","thickness","lh_lateralorbitofrontal_thickness",50,50,0.0096975654215446
"MFP","F","thickness","lh_lingual_thickness",50,50,0.00867328253128057
"MFP","F","thickness","lh_medialorbitofrontal_thickness",50,50,0.0111046213506451
"MFP","F","thickness","lh_middletemporal_thickness",50,50,0.00768761292264027
"MFP","F","thickness","lh_parahippocampal_thickness",50,50,0.016288185956701
"MFP","F","thickness","lh_paracentral_thickness",50,50,0.00833075120570805
"MFP","F","thickness","lh_parsopercularis_thickness",50,50,0.00634443699138944
"MFP","F","thickness","lh_parsorbitalis_thickness",50,50,0.00961162346639441
"MFP","F","thickness","lh_parstriangularis_thickness",50,50,0.00589062693895732
"MFP","F","thickness","lh_pericalcarine_thickness",50,50,0.00815385095898369
"MFP","F","thickness","lh_postcentral_thickness",50,50,0.00579371171954737
"MFP","F","thickness","lh_posteriorcingulate_thickness",50,50,0.00714663617911682
"MFP","F","thickness","lh_precentral_thickness",50,50,0.00698609993842808
"MFP","F","thickness","lh_precuneus_thickness",50,50,0.00486832560483527
"MFP","F","thickness","lh_rostralanteriorcingulate_thickness",50,50,0.0107454675647122
"MFP","F","thickness","lh_rostralmiddlefrontal_thickness",50,50,0.0064749859430733
"MFP","F","thickness","lh_superiorfrontal_thickness",50,50,0.0053762922929212
"MFP","F","thickness","lh_superiorparietal_thickness",50,50,0.00514494521607947
"MFP","F","thickness","lh_superiortemporal_thickness",50,50,0.00664104993639553
"MFP","F","thickness","lh_supramarginal_thickness",50,50,0.00578791277477839
"MFP","F","thickness","lh_frontalpole_thickness",50,50,0.0198752314405475
"MFP","F","thickness","lh_temporalpole_thickness",50,50,0.0179965783984449
"MFP","F","thickness","lh_transversetemporal_thickness",50,50,0.01155673997234
"MFP","F","thickness","lh_insula_thickness",50,50,0.0075195865045399
"MFP","F","thickness","rh_bankssts_thickness",50,50,0.0114275385693659
"MFP","F","thickness","rh_caudalanteriorcingulate_thickness",50,50,0.0126746625013194
"MFP","F","thickness","rh_caudalmiddlefrontal_thickness",50,50,0.0051985147722001
"MFP","F","thickness","rh_cuneus_thickness",50,50,0.00720114065608845
"MFP","F","thickness","rh_entorhinal_thickness",50,50,0.0235656732901774
"MFP","F","thickness","rh_fusiform_thickness",50,50,0.0082553925605363
"MFP","F","thickness","rh_inferiorparietal_thickness",50,50,0.00598473732136459
"MFP","F","thickness","rh_inferiortemporal_thickness",50,50,0.00741155941000788
"MFP","F","thickness","rh_isthmuscingulate_thickness",50,50,0.0137341609423429
"MFP","F","thickness","rh_lateraloccipital_thickness",50,50,0.00513099004531603
"MFP","F","thickness","rh_lateralorbitofrontal_thickness",50,50,0.00869574492215221
"MFP","F","thickness","rh_lingual_thickness",50,50,0.00826018072786993
"MFP","F","thickness","rh_medialorbitofrontal_thickness",50,50,0.0095861599126674
"MFP","F","thickness","rh_middletemporal_thickness",50,50,0.00587155946563723
"MFP","F","thickness","rh_parahippocampal_thickness",50,50,0.015254378975255
"MFP","F","thickness","rh_paracentral_thickness",50,50,0.00802659305754592
"MFP","F","thickness","rh_parsopercularis_thickness",50,50,0.0070241590885125
"MFP","F","thickness","rh_parsorbitalis_thickness",50,50,0.0105560793086332
"MFP","F","thickness","rh_parstriangularis_thickness",50,50,0.00743744579765743
"MFP","F","thickness","rh_pericalcarine_thickness",50,50,0.00861045482266261
"MFP","F","thickness","rh_postcentral_thickness",50,50,0.0061415012332021
"MFP","F","thickness","rh_posteriorcingulate_thickness",50,50,0.00760172046839613
"MFP","F","thickness","rh_precentral_thickness",50,50,0.00595256163442138
"MFP","F","thickness","rh_precuneus_thickness",50,50,0.00622598395225706
"MFP","F","thickness","rh_rostralanteriorcingulate_thickness",50,50,0.0126421090368678
"MFP","F","thickness","rh_rostralmiddlefrontal_thickness",50,50,0.00764360561388543
"MFP","F","thickness","rh_superiorfrontal_thickness",50,50,0.00642372001031219
"MFP","F","thickness","rh_superiorparietal_thickness",50,50,0.00513291705384423
"MFP","F","thickness","rh_superiortemporal_thickness",50,50,0.00634351020178739
"MFP","F","thickness","rh_supramarginal_thickness",50,50,0.006377852076426
"MFP","F","thickness","rh_frontalpole_thickness",50,50,0.0188728956498042
"MFP","F","thickness","rh_temporalpole_thickness",50,50,0.0176824284669
"MFP","F","thickness","rh_transversetemporal_thickness",50,50,0.0126433286223287
"MFP","F","thickness","rh_insula_thickness",50,50,0.00857348162085386
"MFP","F","thickness","lh_bankssts_thickness",75,62,0
"MFP","F","thickness","lh_caudalanteriorcingulate_thickness",75,62,0
"MFP","F","thickness","lh_caudalmiddlefrontal_thickness",75,62,0
"MFP","F","thickness","lh_cuneus_thickness",75,62,0
"MFP","F","thickness","lh_entorhinal_thickness",75,62,0
"MFP","F","thickness","lh_fusiform_thickness",75,62,0
"MFP","F","thickness","lh_inferiorparietal_thickness",75,62,0
"MFP","F","thickness","lh_inferiortemporal_thickness",75,62,0
"MFP","F","thickness","lh_isthmuscingulate_thickness",75,62,0
"MFP","F","thickness","lh_lateraloccipital_thickness",75,62,0
"MFP","F","thickness","lh_lateralorbitofrontal_thickness",75,62,0
"MFP","F","thickness","lh_lingual_thickness",75,62,0
"MFP","F","thickness","lh_medialorbitofrontal_thickness",75,62,0
"MFP","F","thickness","lh_middletemporal_thickness",75,62,0
"MFP","F","thickness","lh_parahippocampal_thickness",75,62,0
"MFP","F","thickness","lh_paracentral_thickness",75,62,0
"MFP","F","thickness","lh_parsopercularis_thickness",75,62,0
"MFP","F","thickness","lh_parsorbitalis_thickness",75,62,0
"MFP","F","thickness","lh_parstriangularis_thickness",75,62,0
"MFP","F","thickness","lh_pericalcarine_thickness",75,62,0
"MFP","F","thickness","lh_postcentral_thickness",75,62,0
"MFP","F","thickness","lh_posteriorcingulate_thickness",75,62,0
"MFP","F","thickness","lh_precentral_thickness",75,62,0
"MFP","F","thickness","lh_precuneus_thickness",75,62,0
"MFP","F","thickness","lh_rostralanteriorcingulate_thickness",75,62,0
"MFP","F","thickness","lh_rostralmiddlefrontal_thickness",75,62,0
"MFP","F","thickness","lh_superiorfrontal_thickness",75,62,0
"MFP","F","thickness","lh_superiorparietal_thickness",75,62,0
"MFP","F","thickness","lh_superiortemporal_thickness",75,62,0
"MFP","F","thickness","lh_supramarginal_thickness",75,62,0
"MFP","F","thickness","lh_frontalpole_thickness",75,62,0
"MFP","F","thickness","lh_temporalpole_thickness",75,62,0
"MFP","F","thickness","lh_transversetemporal_thickness",75,62,0
"MFP","F","thickness","lh_insula_thickness",75,62,0
"MFP","F","thickness","rh_bankssts_thickness",75,62,0
"MFP","F","thickness","rh_caudalanteriorcingulate_thickness",75,62,0
"MFP","F","thickness","rh_caudalmiddlefrontal_thickness",75,62,0
"MFP","F","thickness","rh_cuneus_thickness",75,62,0
"MFP","F","thickness","rh_entorhinal_thickness",75,62,0
"MFP","F","thickness","rh_fusiform_thickness",75,62,0
"MFP","F","thickness","rh_inferiorparietal_thickness",75,62,0
"MFP","F","thickness","rh_inferiortemporal_thickness",75,62,0
"MFP","F","thickness","rh_isthmuscingulate_thickness",75,62,0
"MFP","F","thickness","rh_lateraloccipital_thickness",75,62,0
"MFP","F","thickness","rh_lateralorbitofrontal_thickness",75,62,0
"MFP","F","thickness","rh_lingual_thickness",75,62,0
"MFP","F","thickness","rh_medialorbitofrontal_thickness",75,62,0
"MFP","F","thickness","rh_middletemporal_thickness",75,62,0
"MFP","F","thickness","rh_parahippocampal_thickness",75,62,0
"MFP","F","thickness","rh_paracentral_thickness",75,62,0
"MFP","F","thickness","rh_parsopercularis_thickness",75,62,0
"MFP","F","thickness","rh_parsorbitalis_thickness",75,62,0
"MFP","F","thickness","rh_parstriangularis_thickness",75,62,0
"MFP","F","thickness","rh_pericalcarine_thickness",75,62,0
"MFP","F","thickness","rh_postcentral_thickness",75,62,0
"MFP","F","thickness","rh_posteriorcingulate_thickness",75,62,0
"MFP","F","thickness","rh_precentral_thickness",75,62,0
"MFP","F","thickness","rh_precuneus_thickness",75,62,0
"MFP","F","thickness","rh_rostralanteriorcingulate_thickness",75,62,0
"MFP","F","thickness","rh_rostralmiddlefrontal_thickness",75,62,0
"MFP","F","thickness","rh_superiorfrontal_thickness",75,62,0
"MFP","F","thickness","rh_superiorparietal_thickness",75,62,0
"MFP","F","thickness","rh_superiortemporal_thickness",75,62,0
"MFP","F","thickness","rh_supramarginal_thickness",75,62,0
"MFP","F","thickness","rh_frontalpole_thickness",75,62,0
"MFP","F","thickness","rh_temporalpole_thickness",75,62,0
"MFP","F","thickness","rh_transversetemporal_thickness",75,62,0
"MFP","F","thickness","rh_insula_thickness",75,62,0
"MFP","F","thickness","lh_bankssts_thickness",100,62,0
"MFP","F","thickness","lh_caudalanteriorcingulate_thickness",100,62,0
"MFP","F","thickness","lh_caudalmiddlefrontal_thickness",100,62,0
"MFP","F","thickness","lh_cuneus_thickness",100,62,0
"MFP","F","thickness","lh_entorhinal_thickness",100,62,0
"MFP","F","thickness","lh_fusiform_thickness",100,62,0
"MFP","F","thickness","lh_inferiorparietal_thickness",100,62,0
"MFP","F","thickness","lh_inferiortemporal_thickness",100,62,0
"MFP","F","thickness","lh_isthmuscingulate_thickness",100,62,0
"MFP","F","thickness","lh_lateraloccipital_thickness",100,62,0
"MFP","F","thickness","lh_lateralorbitofrontal_thickness",100,62,0
"MFP","F","thickness","lh_lingual_thickness",100,62,0
"MFP","F","thickness","lh_medialorbitofrontal_thickness",100,62,0
"MFP","F","thickness","lh_middletemporal_thickness",100,62,0
"MFP","F","thickness","lh_parahippocampal_thickness",100,62,0
"MFP","F","thickness","lh_paracentral_thickness",100,62,0
"MFP","F","thickness","lh_parsopercularis_thickness",100,62,0
"MFP","F","thickness","lh_parsorbitalis_thickness",100,62,0
"MFP","F","thickness","lh_parstriangularis_thickness",100,62,0
"MFP","F","thickness","lh_pericalcarine_thickness",100,62,0
"MFP","F","thickness","lh_postcentral_thickness",100,62,0
"MFP","F","thickness","lh_posteriorcingulate_thickness",100,62,0
"MFP","F","thickness","lh_precentral_thickness",100,62,0
"MFP","F","thickness","lh_precuneus_thickness",100,62,0
"MFP","F","thickness","lh_rostralanteriorcingulate_thickness",100,62,0
"MFP","F","thickness","lh_rostralmiddlefrontal_thickness",100,62,0
"MFP","F","thickness","lh_superiorfrontal_thickness",100,62,0
"MFP","F","thickness","lh_superiorparietal_thickness",100,62,0
"MFP","F","thickness","lh_superiortemporal_thickness",100,62,0
"MFP","F","thickness","lh_supramarginal_thickness",100,62,0
"MFP","F","thickness","lh_frontalpole_thickness",100,62,0
"MFP","F","thickness","lh_temporalpole_thickness",100,62,0
"MFP","F","thickness","lh_transversetemporal_thickness",100,62,0
"MFP","F","thickness","lh_insula_thickness",100,62,0
"MFP","F","thickness","rh_bankssts_thickness",100,62,0
"MFP","F","thickness","rh_caudalanteriorcingulate_thickness",100,62,0
"MFP","F","thickness","rh_caudalmiddlefrontal_thickness",100,62,0
"MFP","F","thickness","rh_cuneus_thickness",100,62,0
"MFP","F","thickness","rh_entorhinal_thickness",100,62,0
"MFP","F","thickness","rh_fusiform_thickness",100,62,0
"MFP","F","thickness","rh_inferiorparietal_thickness",100,62,0
"MFP","F","thickness","rh_inferiortemporal_thickness",100,62,0
"MFP","F","thickness","rh_isthmuscingulate_thickness",100,62,0
"MFP","F","thickness","rh_lateraloccipital_thickness",100,62,0
"MFP","F","thickness","rh_lateralorbitofrontal_thickness",100,62,0
"MFP","F","thickness","rh_lingual_thickness",100,62,0
"MFP","F","thickness","rh_medialorbitofrontal_thickness",100,62,0
"MFP","F","thickness","rh_middletemporal_thickness",100,62,0
"MFP","F","thickness","rh_parahippocampal_thickness",100,62,0
"MFP","F","thickness","rh_paracentral_thickness",100,62,0
"MFP","F","thickness","rh_parsopercularis_thickness",100,62,0
"MFP","F","thickness","rh_parsorbitalis_thickness",100,62,0
"MFP","F","thickness","rh_parstriangularis_thickness",100,62,0
"MFP","F","thickness","rh_pericalcarine_thickness",100,62,0
"MFP","F","thickness","rh_postcentral_thickness",100,62,0
"MFP","F","thickness","rh_posteriorcingulate_thickness",100,62,0
"MFP","F","thickness","rh_precentral_thickness",100,62,0
"MFP","F","thickness","rh_precuneus_thickness",100,62,0
"MFP","F","thickness","rh_rostralanteriorcingulate_thickness",100,62,0
"MFP","F","thickness","rh_rostralmiddlefrontal_thickness",100,62,0
"MFP","F","thickness","rh_superiorfrontal_thickness",100,62,0
"MFP","F","thickness","rh_superiorparietal_thickness",100,62,0
"MFP","F","thickness","rh_superiortemporal_thickness",100,62,0
"MFP","F","thickness","rh_supramarginal_thickness",100,62,0
"MFP","F","thickness","rh_frontalpole_thickness",100,62,0
"MFP","F","thickness","rh_temporalpole_thickness",100,62,0
"MFP","F","thickness","rh_transversetemporal_thickness",100,62,0
"MFP","F","thickness","rh_insula_thickness",100,62,0
"MFP","M","thickness","lh_bankssts_thickness",10,10,0.0347521342653097
"MFP","M","thickness","lh_caudalanteriorcingulate_thickness",10,10,0.0654136747320863
"MFP","M","thickness","lh_caudalmiddlefrontal_thickness",10,10,0.0198451898375147
"MFP","M","thickness","lh_cuneus_thickness",10,10,0.0294991169438027
"MFP","M","thickness","lh_entorhinal_thickness",10,10,0.0794614538368903
"MFP","M","thickness","lh_fusiform_thickness",10,10,0.027352891798853
"MFP","M","thickness","lh_inferiorparietal_thickness",10,10,0.0191368356468225
"MFP","M","thickness","lh_inferiortemporal_thickness",10,10,0.0316951817603452
"MFP","M","thickness","lh_isthmuscingulate_thickness",10,10,0.0455259139414876
"MFP","M","thickness","lh_lateraloccipital_thickness",10,10,0.0160219156799813
"MFP","M","thickness","lh_lateralorbitofrontal_thickness",10,10,0.0398638514928085
"MFP","M","thickness","lh_lingual_thickness",10,10,0.0379741241065567
"MFP","M","thickness","lh_medialorbitofrontal_thickness",10,10,0.0429040812661447
"MFP","M","thickness","lh_middletemporal_thickness",10,10,0.0249790720359667
"MFP","M","thickness","lh_parahippocampal_thickness",10,10,0.0692189456975514
"MFP","M","thickness","lh_paracentral_thickness",10,10,0.0293285139652024
"MFP","M","thickness","lh_parsopercularis_thickness",10,10,0.0312107344702673
"MFP","M","thickness","lh_parsorbitalis_thickness",10,10,0.0421258751419335
"MFP","M","thickness","lh_parstriangularis_thickness",10,10,0.0325403613207097
"MFP","M","thickness","lh_pericalcarine_thickness",10,10,0.0489892764504394
"MFP","M","thickness","lh_postcentral_thickness",10,10,0.0271365422198986
"MFP","M","thickness","lh_posteriorcingulate_thickness",10,10,0.036063663593133
"MFP","M","thickness","lh_precentral_thickness",10,10,0.023996071182111
"MFP","M","thickness","lh_precuneus_thickness",10,10,0.0174713782056774
"MFP","M","thickness","lh_rostralanteriorcingulate_thickness",10,10,0.0553828361377349
"MFP","M","thickness","lh_rostralmiddlefrontal_thickness",10,10,0.0218483958419537
"MFP","M","thickness","lh_superiorfrontal_thickness",10,10,0.0210661226025452
"MFP","M","thickness","lh_superiorparietal_thickness",10,10,0.0206360783478722
"MFP","M","thickness","lh_superiortemporal_thickness",10,10,0.0328513963091427
"MFP","M","thickness","lh_supramarginal_thickness",10,10,0.0219111426603841
"MFP","M","thickness","lh_frontalpole_thickness",10,10,0.0706331501953821
"MFP","M","thickness","lh_temporalpole_thickness",10,10,0.0614903826975118
"MFP","M","thickness","lh_transversetemporal_thickness",10,10,0.0612009736198824
"MFP","M","thickness","lh_insula_thickness",10,10,0.0407995078553776
"MFP","M","thickness","rh_bankssts_thickness",10,10,0.0533103128307645
"MFP","M","thickness","rh_caudalanteriorcingulate_thickness",10,10,0.0617036125938198
"MFP","M","thickness","rh_caudalmiddlefrontal_thickness",10,10,0.0261448267102607
"MFP","M","thickness","rh_cuneus_thickness",10,10,0.0274172999871798
"MFP","M","thickness","rh_entorhinal_thickness",10,10,0.0809979727408207
"MFP","M","thickness","rh_fusiform_thickness",10,10,0.0302766227525806
"MFP","M","thickness","rh_inferiorparietal_thickness",10,10,0.0202929518433754
"MFP","M","thickness","rh_inferiortemporal_thickness",10,10,0.033746935633453
"MFP","M","thickness","rh_isthmuscingulate_thickness",10,10,0.0544899388088537
"MFP","M","thickness","rh_lateraloccipital_thickness",10,10,0.0164794482040284
"MFP","M","thickness","rh_lateralorbitofrontal_thickness",10,10,0.0313616166251367
"MFP","M","thickness","rh_lingual_thickness",10,10,0.034833209093648
"MFP","M","thickness","rh_medialorbitofrontal_thickness",10,10,0.0379514597123286
"MFP","M","thickness","rh_middletemporal_thickness",10,10,0.0337820095215329
"MFP","M","thickness","rh_parahippocampal_thickness",10,10,0.0509141637557732
"MFP","M","thickness","rh_paracentral_thickness",10,10,0.0318212824089554
"MFP","M","thickness","rh_parsopercularis_thickness",10,10,0.0265398622284582
"MFP","M","thickness","rh_parsorbitalis_thickness",10,10,0.0363411214596947
"MFP","M","thickness","rh_parstriangularis_thickness",10,10,0.0320537738039811
"MFP","M","thickness","rh_pericalcarine_thickness",10,10,0.0527697710999977
"MFP","M","thickness","rh_postcentral_thickness",10,10,0.0271627953482595
"MFP","M","thickness","rh_posteriorcingulate_thickness",10,10,0.0289015241764648
"MFP","M","thickness","rh_precentral_thickness",10,10,0.0234626191376723
"MFP","M","thickness","rh_precuneus_thickness",10,10,0.0195927159978112
"MFP","M","thickness","rh_rostralanteriorcingulate_thickness",10,10,0.0478854985050402
"MFP","M","thickness","rh_rostralmiddlefrontal_thickness",10,10,0.0337782317893299
"MFP","M","thickness","rh_superiorfrontal_thickness",10,10,0.0230578177864918
"MFP","M","thickness","rh_superiorparietal_thickness",10,10,0.0184240615819534
"MFP","M","thickness","rh_superiortemporal_thickness",10,10,0.0315399829434855
"MFP","M","thickness","rh_supramarginal_thickness",10,10,0.0283167643804185
"MFP","M","thickness","rh_frontalpole_thickness",10,10,0.0648616951593655
"MFP","M","thickness","rh_temporalpole_thickness",10,10,0.0727942924959863
"MFP","M","thickness","rh_transversetemporal_thickness",10,10,0.0415155598557061
"MFP","M","thickness","rh_insula_thickness",10,10,0.0442152632134757
"MFP","M","thickness","lh_bankssts_thickness",20,20,0.0193219223415435
"MFP","M","thickness","lh_caudalanteriorcingulate_thickness",20,20,0.0289746090678664
"MFP","M","thickness","lh_caudalmiddlefrontal_thickness",20,20,0.012797447787738
"MFP","M","thickness","lh_cuneus_thickness",20,20,0.0172396145784178
"MFP","M","thickness","lh_entorhinal_thickness",20,20,0.0379853064545532
"MFP","M","thickness","lh_fusiform_thickness",20,20,0.0175743343102213
"MFP","M","thickness","lh_inferiorparietal_thickness",20,20,0.0101777991110347
"MFP","M","thickness","lh_inferiortemporal_thickness",20,20,0.0164643973523008
"MFP","M","thickness","lh_isthmuscingulate_thickness",20,20,0.0258794718407983
"MFP","M","thickness","lh_lateraloccipital_thickness",20,20,0.00903638047735792
"MFP","M","thickness","lh_lateralorbitofrontal_thickness",20,20,0.024549888203431
"MFP","M","thickness","lh_lingual_thickness",20,20,0.0227363153195416
"MFP","M","thickness","lh_medialorbitofrontal_thickness",20,20,0.0251088110573845
"MFP","M","thickness","lh_middletemporal_thickness",20,20,0.013091368546859
"MFP","M","thickness","lh_parahippocampal_thickness",20,20,0.0421494419674933
"MFP","M","thickness","lh_paracentral_thickness",20,20,0.020355105525138
"MFP","M","thickness","lh_parsopercularis_thickness",20,20,0.0175182904775653
"MFP","M","thickness","lh_parsorbitalis_thickness",20,20,0.0249529607960436
"MFP","M","thickness","lh_parstriangularis_thickness",20,20,0.017760062395602
"MFP","M","thickness","lh_pericalcarine_thickness",20,20,0.0259950449149203
"MFP","M","thickness","lh_postcentral_thickness",20,20,0.0152804333965202
"MFP","M","thickness","lh_posteriorcingulate_thickness",20,20,0.0200286494904181
"MFP","M","thickness","lh_precentral_thickness",20,20,0.012809836226267
"MFP","M","thickness","lh_precuneus_thickness",20,20,0.00965953015051464
"MFP","M","thickness","lh_rostralanteriorcingulate_thickness",20,20,0.0259902310059126
"MFP","M","thickness","lh_rostralmiddlefrontal_thickness",20,20,0.0132278649839101
"MFP","M","thickness","lh_superiorfrontal_thickness",20,20,0.0126252476667738
"MFP","M","thickness","lh_superiorparietal_thickness",20,20,0.0111071295148728
"MFP","M","thickness","lh_superiortemporal_thickness",20,20,0.0163002295928326
"MFP","M","thickness","lh_supramarginal_thickness",20,20,0.0141063206244795
"MFP","M","thickness","lh_frontalpole_thickness",20,20,0.0401227859837274
"MFP","M","thickness","lh_temporalpole_thickness",20,20,0.0324194972483533
"MFP","M","thickness","lh_transversetemporal_thickness",20,20,0.0338676065563265
"MFP","M","thickness","lh_insula_thickness",20,20,0.0231660392195834
"MFP","M","thickness","rh_bankssts_thickness",20,20,0.0271102385336376
"MFP","M","thickness","rh_caudalanteriorcingulate_thickness",20,20,0.0338293163109207
"MFP","M","thickness","rh_caudalmiddlefrontal_thickness",20,20,0.0149428080600723
"MFP","M","thickness","rh_cuneus_thickness",20,20,0.0158070493052704
"MFP","M","thickness","rh_entorhinal_thickness",20,20,0.0439414121936031
"MFP","M","thickness","rh_fusiform_thickness",20,20,0.0171769855384571
"MFP","M","thickness","rh_inferiorparietal_thickness",20,20,0.0100942203745621
"MFP","M","thickness","rh_inferiortemporal_thickness",20,20,0.0183801381613377
"MFP","M","thickness","rh_isthmuscingulate_thickness",20,20,0.031537763011843
"MFP","M","thickness","rh_lateraloccipital_thickness",20,20,0.0104685981252676
"MFP","M","thickness","rh_lateralorbitofrontal_thickness",20,20,0.0202421182618403
"MFP","M","thickness","rh_lingual_thickness",20,20,0.0201303068369989
"MFP","M","thickness","rh_medialorbitofrontal_thickness",20,20,0.020937350958991
"MFP","M","thickness","rh_middletemporal_thickness",20,20,0.0179546331141005
"MFP","M","thickness","rh_parahippocampal_thickness",20,20,0.027833338939699
"MFP","M","thickness","rh_paracentral_thickness",20,20,0.0206084808739876
"MFP","M","thickness","rh_parsopercularis_thickness",20,20,0.0186439154455798
"MFP","M","thickness","rh_parsorbitalis_thickness",20,20,0.0222508930755081
"MFP","M","thickness","rh_parstriangularis_thickness",20,20,0.0163510578469126
"MFP","M","thickness","rh_pericalcarine_thickness",20,20,0.0287675653314649
"MFP","M","thickness","rh_postcentral_thickness",20,20,0.0164940296030814
"MFP","M","thickness","rh_posteriorcingulate_thickness",20,20,0.0180383577018304
"MFP","M","thickness","rh_precentral_thickness",20,20,0.0120502216978308
"MFP","M","thickness","rh_precuneus_thickness",20,20,0.0130448358363276
"MFP","M","thickness","rh_rostralanteriorcingulate_thickness",20,20,0.0237401270318156
"MFP","M","thickness","rh_rostralmiddlefrontal_thickness",20,20,0.0182301657162258
"MFP","M","thickness","rh_superiorfrontal_thickness",20,20,0.0138680917292161
"MFP","M","thickness","rh_superiorparietal_thickness",20,20,0.0132361813566979
"MFP","M","thickness","rh_superiortemporal_thickness",20,20,0.0163834018514756
"MFP","M","thickness","rh_supramarginal_thickness",20,20,0.014655875697324
"MFP","M","thickness","rh_frontalpole_thickness",20,20,0.0438570751233794
"MFP","M","thickness","rh_temporalpole_thickness",20,20,0.0389611156898277
"MFP","M","thickness","rh_transversetemporal_thickness",20,20,0.0226885139860826
"MFP","M","thickness","rh_insula_thickness",20,20,0.0273328459585457
"MFP","M","thickness","lh_bankssts_thickness",30,30,0.0100803822457903
"MFP","M","thickness","lh_caudalanteriorcingulate_thickness",30,30,0.0177257976022355
"MFP","M","thickness","lh_caudalmiddlefrontal_thickness",30,30,0.00740508822543899
"MFP","M","thickness","lh_cuneus_thickness",30,30,0.00819304152481186
"MFP","M","thickness","lh_entorhinal_thickness",30,30,0.0261661402027593
"MFP","M","thickness","lh_fusiform_thickness",30,30,0.0089527376658959
"MFP","M","thickness","lh_inferiorparietal_thickness",30,30,0.00525641851997678
"MFP","M","thickness","lh_inferiortemporal_thickness",30,30,0.00979612985531278
"MFP","M","thickness","lh_isthmuscingulate_thickness",30,30,0.0136665820950947
"MFP","M","thickness","lh_lateraloccipital_thickness",30,30,0.00500103561032573
"MFP","M","thickness","lh_lateralorbitofrontal_thickness",30,30,0.0126575174746438
"MFP","M","thickness","lh_lingual_thickness",30,30,0.0111505816371226
"MFP","M","thickness","lh_medialorbitofrontal_thickness",30,30,0.0134894246407639
"MFP","M","thickness","lh_middletemporal_thickness",30,30,0.00707715289388163
"MFP","M","thickness","lh_parahippocampal_thickness",30,30,0.0215728433871863
"MFP","M","thickness","lh_paracentral_thickness",30,30,0.0108675535517565
"MFP","M","thickness","lh_parsopercularis_thickness",30,30,0.00940366873721837
"MFP","M","thickness","lh_parsorbitalis_thickness",30,30,0.012957103916104
"MFP","M","thickness","lh_parstriangularis_thickness",30,30,0.00975786469346093
"MFP","M","thickness","lh_pericalcarine_thickness",30,30,0.0130562469695705
"MFP","M","thickness","lh_postcentral_thickness",30,30,0.00755640688497579
"MFP","M","thickness","lh_posteriorcingulate_thickness",30,30,0.0111364429649513
"MFP","M","thickness","lh_precentral_thickness",30,30,0.00909208048195333
"MFP","M","thickness","lh_precuneus_thickness",30,30,0.00540438595654857
"MFP","M","thickness","lh_rostralanteriorcingulate_thickness",30,30,0.0148584674955675
"MFP","M","thickness","lh_rostralmiddlefrontal_thickness",30,30,0.00713440363263591
"MFP","M","thickness","lh_superiorfrontal_thickness",30,30,0.00588934953148943
"MFP","M","thickness","lh_superiorparietal_thickness",30,30,0.00541342216616098
"MFP","M","thickness","lh_superiortemporal_thickness",30,30,0.008915294225708
"MFP","M","thickness","lh_supramarginal_thickness",30,30,0.00819181666386304
"MFP","M","thickness","lh_frontalpole_thickness",30,30,0.0225100693511659
"MFP","M","thickness","lh_temporalpole_thickness",30,30,0.0173311344952031
"MFP","M","thickness","lh_transversetemporal_thickness",30,30,0.0172457952963043
"MFP","M","thickness","lh_insula_thickness",30,30,0.0141276758649642
"MFP","M","thickness","rh_bankssts_thickness",30,30,0.0171518062316492
"MFP","M","thickness","rh_caudalanteriorcingulate_thickness",30,30,0.018437301570879
"MFP","M","thickness","rh_caudalmiddlefrontal_thickness",30,30,0.00744064911910502
"MFP","M","thickness","rh_cuneus_thickness",30,30,0.00809040091256201
"MFP","M","thickness","rh_entorhinal_thickness",30,30,0.0260095163537914
"MFP","M","thickness","rh_fusiform_thickness",30,30,0.00962446698304572
"MFP","M","thickness","rh_inferiorparietal_thickness",30,30,0.00570883964926215
"MFP","M","thickness","rh_inferiortemporal_thickness",30,30,0.0120792614769989
"MFP","M","thickness","rh_isthmuscingulate_thickness",30,30,0.017207787303625
"MFP","M","thickness","rh_lateraloccipital_thickness",30,30,0.00537086232627715
"MFP","M","thickness","rh_lateralorbitofrontal_thickness",30,30,0.0106571921804944
"MFP","M","thickness","rh_lingual_thickness",30,30,0.0105541245404731
"MFP","M","thickness","rh_medialorbitofrontal_thickness",30,30,0.0113901089897193
"MFP","M","thickness","rh_middletemporal_thickness",30,30,0.00986249514918385
"MFP","M","thickness","rh_parahippocampal_thickness",30,30,0.0181853992341314
"MFP","M","thickness","rh_paracentral_thickness",30,30,0.0110803012002821
"MFP","M","thickness","rh_parsopercularis_thickness",30,30,0.00912402789993164
"MFP","M","thickness","rh_parsorbitalis_thickness",30,30,0.0121286872027171
"MFP","M","thickness","rh_parstriangularis_thickness",30,30,0.00874756685971468
"MFP","M","thickness","rh_pericalcarine_thickness",30,30,0.0145656975850715
"MFP","M","thickness","rh_postcentral_thickness",30,30,0.0083213083854914
"MFP","M","thickness","rh_posteriorcingulate_thickness",30,30,0.0102085832226556
"MFP","M","thickness","rh_precentral_thickness",30,30,0.00734226432312661
"MFP","M","thickness","rh_precuneus_thickness",30,30,0.00709974243809091
"MFP","M","thickness","rh_rostralanteriorcingulate_thickness",30,30,0.0137188691700808
"MFP","M","thickness","rh_rostralmiddlefrontal_thickness",30,30,0.01009664368777
"MFP","M","thickness","rh_superiorfrontal_thickness",30,30,0.00705525547554254
"MFP","M","thickness","rh_superiorparietal_thickness",30,30,0.00520853250505929
"MFP","M","thickness","rh_superiortemporal_thickness",30,30,0.00856855197319701
"MFP","M","thickness","rh_supramarginal_thickness",30,30,0.00813622086376212
"MFP","M","thickness","rh_frontalpole_thickness",30,30,0.0218455077692236
"MFP","M","thickness","rh_temporalpole_thickness",30,30,0.0220955522614047
"MFP","M","thickness","rh_transversetemporal_thickness",30,30,0.0136172450814734
"MFP","M","thickness","rh_insula_thickness",30,30,0.0148059835462174
"MFP","M","thickness","lh_bankssts_thickness",50,38,0
"MFP","M","thickness","lh_caudalanteriorcingulate_thickness",50,38,0
"MFP","M","thickness","lh_caudalmiddlefrontal_thickness",50,38,0
"MFP","M","thickness","lh_cuneus_thickness",50,38,0
"MFP","M","thickness","lh_entorhinal_thickness",50,38,0
"MFP","M","thickness","lh_fusiform_thickness",50,38,0
"MFP","M","thickness","lh_inferiorparietal_thickness",50,38,0
"MFP","M","thickness","lh_inferiortemporal_thickness",50,38,0
"MFP","M","thickness","lh_isthmuscingulate_thickness",50,38,0
"MFP","M","thickness","lh_lateraloccipital_thickness",50,38,0
"MFP","M","thickness","lh_lateralorbitofrontal_thickness",50,38,0
"MFP","M","thickness","lh_lingual_thickness",50,38,0
"MFP","M","thickness","lh_medialorbitofrontal_thickness",50,38,0
"MFP","M","thickness","lh_middletemporal_thickness",50,38,0
"MFP","M","thickness","lh_parahippocampal_thickness",50,38,0
"MFP","M","thickness","lh_paracentral_thickness",50,38,0
"MFP","M","thickness","lh_parsopercularis_thickness",50,38,0
"MFP","M","thickness","lh_parsorbitalis_thickness",50,38,0
"MFP","M","thickness","lh_parstriangularis_thickness",50,38,0
"MFP","M","thickness","lh_pericalcarine_thickness",50,38,0
"MFP","M","thickness","lh_postcentral_thickness",50,38,0
"MFP","M","thickness","lh_posteriorcingulate_thickness",50,38,0
"MFP","M","thickness","lh_precentral_thickness",50,38,0
"MFP","M","thickness","lh_precuneus_thickness",50,38,0
"MFP","M","thickness","lh_rostralanteriorcingulate_thickness",50,38,0
"MFP","M","thickness","lh_rostralmiddlefrontal_thickness",50,38,0
"MFP","M","thickness","lh_superiorfrontal_thickness",50,38,0
"MFP","M","thickness","lh_superiorparietal_thickness",50,38,0
"MFP","M","thickness","lh_superiortemporal_thickness",50,38,0
"MFP","M","thickness","lh_supramarginal_thickness",50,38,0
"MFP","M","thickness","lh_frontalpole_thickness",50,38,0
"MFP","M","thickness","lh_temporalpole_thickness",50,38,0
"MFP","M","thickness","lh_transversetemporal_thickness",50,38,0
"MFP","M","thickness","lh_insula_thickness",50,38,0
"MFP","M","thickness","rh_bankssts_thickness",50,38,0
"MFP","M","thickness","rh_caudalanteriorcingulate_thickness",50,38,0
"MFP","M","thickness","rh_caudalmiddlefrontal_thickness",50,38,0
"MFP","M","thickness","rh_cuneus_thickness",50,38,0
"MFP","M","thickness","rh_entorhinal_thickness",50,38,0
"MFP","M","thickness","rh_fusiform_thickness",50,38,0
"MFP","M","thickness","rh_inferiorparietal_thickness",50,38,0
"MFP","M","thickness","rh_inferiortemporal_thickness",50,38,0
"MFP","M","thickness","rh_isthmuscingulate_thickness",50,38,0
"MFP","M","thickness","rh_lateraloccipital_thickness",50,38,0
"MFP","M","thickness","rh_lateralorbitofrontal_thickness",50,38,0
"MFP","M","thickness","rh_lingual_thickness",50,38,0
"MFP","M","thickness","rh_medialorbitofrontal_thickness",50,38,0
"MFP","M","thickness","rh_middletemporal_thickness",50,38,0
"MFP","M","thickness","rh_parahippocampal_thickness",50,38,0
"MFP","M","thickness","rh_paracentral_thickness",50,38,0
"MFP","M","thickness","rh_parsopercularis_thickness",50,38,0
"MFP","M","thickness","rh_parsorbitalis_thickness",50,38,0
"MFP","M","thickness","rh_parstriangularis_thickness",50,38,0
"MFP","M","thickness","rh_pericalcarine_thickness",50,38,0
"MFP","M","thickness","rh_postcentral_thickness",50,38,0
"MFP","M","thickness","rh_posteriorcingulate_thickness",50,38,0
"MFP","M","thickness","rh_precentral_thickness",50,38,0
"MFP","M","thickness","rh_precuneus_thickness",50,38,0
"MFP","M","thickness","rh_rostralanteriorcingulate_thickness",50,38,0
"MFP","M","thickness","rh_rostralmiddlefrontal_thickness",50,38,0
"MFP","M","thickness","rh_superiorfrontal_thickness",50,38,0
"MFP","M","thickness","rh_superiorparietal_thickness",50,38,0
"MFP","M","thickness","rh_superiortemporal_thickness",50,38,0
"MFP","M","thickness","rh_supramarginal_thickness",50,38,0
"MFP","M","thickness","rh_frontalpole_thickness",50,38,0
"MFP","M","thickness","rh_temporalpole_thickness",50,38,0
"MFP","M","thickness","rh_transversetemporal_thickness",50,38,0
"MFP","M","thickness","rh_insula_thickness",50,38,0
"MFP","M","thickness","lh_bankssts_thickness",75,38,0
"MFP","M","thickness","lh_caudalanteriorcingulate_thickness",75,38,0
"MFP","M","thickness","lh_caudalmiddlefrontal_thickness",75,38,0
"MFP","M","thickness","lh_cuneus_thickness",75,38,0
"MFP","M","thickness","lh_entorhinal_thickness",75,38,0
"MFP","M","thickness","lh_fusiform_thickness",75,38,0
"MFP","M","thickness","lh_inferiorparietal_thickness",75,38,0
"MFP","M","thickness","lh_inferiortemporal_thickness",75,38,0
"MFP","M","thickness","lh_isthmuscingulate_thickness",75,38,0
"MFP","M","thickness","lh_lateraloccipital_thickness",75,38,0
"MFP","M","thickness","lh_lateralorbitofrontal_thickness",75,38,0
"MFP","M","thickness","lh_lingual_thickness",75,38,0
"MFP","M","thickness","lh_medialorbitofrontal_thickness",75,38,0
"MFP","M","thickness","lh_middletemporal_thickness",75,38,0
"MFP","M","thickness","lh_parahippocampal_thickness",75,38,0
"MFP","M","thickness","lh_paracentral_thickness",75,38,0
"MFP","M","thickness","lh_parsopercularis_thickness",75,38,0
"MFP","M","thickness","lh_parsorbitalis_thickness",75,38,0
"MFP","M","thickness","lh_parstriangularis_thickness",75,38,0
"MFP","M","thickness","lh_pericalcarine_thickness",75,38,0
"MFP","M","thickness","lh_postcentral_thickness",75,38,0
"MFP","M","thickness","lh_posteriorcingulate_thickness",75,38,0
"MFP","M","thickness","lh_precentral_thickness",75,38,0
"MFP","M","thickness","lh_precuneus_thickness",75,38,0
"MFP","M","thickness","lh_rostralanteriorcingulate_thickness",75,38,0
"MFP","M","thickness","lh_rostralmiddlefrontal_thickness",75,38,0
"MFP","M","thickness","lh_superiorfrontal_thickness",75,38,0
"MFP","M","thickness","lh_superiorparietal_thickness",75,38,0
"MFP","M","thickness","lh_superiortemporal_thickness",75,38,0
"MFP","M","thickness","lh_supramarginal_thickness",75,38,0
"MFP","M","thickness","lh_frontalpole_thickness",75,38,0
"MFP","M","thickness","lh_temporalpole_thickness",75,38,0
"MFP","M","thickness","lh_transversetemporal_thickness",75,38,0
"MFP","M","thickness","lh_insula_thickness",75,38,0
"MFP","M","thickness","rh_bankssts_thickness",75,38,0
"MFP","M","thickness","rh_caudalanteriorcingulate_thickness",75,38,0
"MFP","M","thickness","rh_caudalmiddlefrontal_thickness",75,38,0
"MFP","M","thickness","rh_cuneus_thickness",75,38,0
"MFP","M","thickness","rh_entorhinal_thickness",75,38,0
"MFP","M","thickness","rh_fusiform_thickness",75,38,0
"MFP","M","thickness","rh_inferiorparietal_thickness",75,38,0
"MFP","M","thickness","rh_inferiortemporal_thickness",75,38,0
"MFP","M","thickness","rh_isthmuscingulate_thickness",75,38,0
"MFP","M","thickness","rh_lateraloccipital_thickness",75,38,0
"MFP","M","thickness","rh_lateralorbitofrontal_thickness",75,38,0
"MFP","M","thickness","rh_lingual_thickness",75,38,0
"MFP","M","thickness","rh_medialorbitofrontal_thickness",75,38,0
"MFP","M","thickness","rh_middletemporal_thickness",75,38,0
"MFP","M","thickness","rh_parahippocampal_thickness",75,38,0
"MFP","M","thickness","rh_paracentral_thickness",75,38,0
"MFP","M","thickness","rh_parsopercularis_thickness",75,38,0
"MFP","M","thickness","rh_parsorbitalis_thickness",75,38,0
"MFP","M","thickness","rh_parstriangularis_thickness",75,38,0
"MFP","M","thickness","rh_pericalcarine_thickness",75,38,0
"MFP","M","thickness","rh_postcentral_thickness",75,38,0
"MFP","M","thickness","rh_posteriorcingulate_thickness",75,38,0
"MFP","M","thickness","rh_precentral_thickness",75,38,0
"MFP","M","thickness","rh_precuneus_thickness",75,38,0
"MFP","M","thickness","rh_rostralanteriorcingulate_thickness",75,38,0
"MFP","M","thickness","rh_rostralmiddlefrontal_thickness",75,38,0
"MFP","M","thickness","rh_superiorfrontal_thickness",75,38,0
"MFP","M","thickness","rh_superiorparietal_thickness",75,38,0
"MFP","M","thickness","rh_superiortemporal_thickness",75,38,0
"MFP","M","thickness","rh_supramarginal_thickness",75,38,0
"MFP","M","thickness","rh_frontalpole_thickness",75,38,0
"MFP","M","thickness","rh_temporalpole_thickness",75,38,0
"MFP","M","thickness","rh_transversetemporal_thickness",75,38,0
"MFP","M","thickness","rh_insula_thickness",75,38,0
"MFP","M","thickness","lh_bankssts_thickness",100,38,0
"MFP","M","thickness","lh_caudalanteriorcingulate_thickness",100,38,0
"MFP","M","thickness","lh_caudalmiddlefrontal_thickness",100,38,0
"MFP","M","thickness","lh_cuneus_thickness",100,38,0
"MFP","M","thickness","lh_entorhinal_thickness",100,38,0
"MFP","M","thickness","lh_fusiform_thickness",100,38,0
"MFP","M","thickness","lh_inferiorparietal_thickness",100,38,0
"MFP","M","thickness","lh_inferiortemporal_thickness",100,38,0
"MFP","M","thickness","lh_isthmuscingulate_thickness",100,38,0
"MFP","M","thickness","lh_lateraloccipital_thickness",100,38,0
"MFP","M","thickness","lh_lateralorbitofrontal_thickness",100,38,0
"MFP","M","thickness","lh_lingual_thickness",100,38,0
"MFP","M","thickness","lh_medialorbitofrontal_thickness",100,38,0
"MFP","M","thickness","lh_middletemporal_thickness",100,38,0
"MFP","M","thickness","lh_parahippocampal_thickness",100,38,0
"MFP","M","thickness","lh_paracentral_thickness",100,38,0
"MFP","M","thickness","lh_parsopercularis_thickness",100,38,0
"MFP","M","thickness","lh_parsorbitalis_thickness",100,38,0
"MFP","M","thickness","lh_parstriangularis_thickness",100,38,0
"MFP","M","thickness","lh_pericalcarine_thickness",100,38,0
"MFP","M","thickness","lh_postcentral_thickness",100,38,0
"MFP","M","thickness","lh_posteriorcingulate_thickness",100,38,0
"MFP","M","thickness","lh_precentral_thickness",100,38,0
"MFP","M","thickness","lh_precuneus_thickness",100,38,0
"MFP","M","thickness","lh_rostralanteriorcingulate_thickness",100,38,0
"MFP","M","thickness","lh_rostralmiddlefrontal_thickness",100,38,0
"MFP","M","thickness","lh_superiorfrontal_thickness",100,38,0
"MFP","M","thickness","lh_superiorparietal_thickness",100,38,0
"MFP","M","thickness","lh_superiortemporal_thickness",100,38,0
"MFP","M","thickness","lh_supramarginal_thickness",100,38,0
"MFP","M","thickness","lh_frontalpole_thickness",100,38,0
"MFP","M","thickness","lh_temporalpole_thickness",100,38,0
"MFP","M","thickness","lh_transversetemporal_thickness",100,38,0
"MFP","M","thickness","lh_insula_thickness",100,38,0
"MFP","M","thickness","rh_bankssts_thickness",100,38,0
"MFP","M","thickness","rh_caudalanteriorcingulate_thickness",100,38,0
"MFP","M","thickness","rh_caudalmiddlefrontal_thickness",100,38,0
"MFP","M","thickness","rh_cuneus_thickness",100,38,0
"MFP","M","thickness","rh_entorhinal_thickness",100,38,0
"MFP","M","thickness","rh_fusiform_thickness",100,38,0
"MFP","M","thickness","rh_inferiorparietal_thickness",100,38,0
"MFP","M","thickness","rh_inferiortemporal_thickness",100,38,0
"MFP","M","thickness","rh_isthmuscingulate_thickness",100,38,0
"MFP","M","thickness","rh_lateraloccipital_thickness",100,38,0
"MFP","M","thickness","rh_lateralorbitofrontal_thickness",100,38,0
"MFP","M","thickness","rh_lingual_thickness",100,38,0
"MFP","M","thickness","rh_medialorbitofrontal_thickness",100,38,0
"MFP","M","thickness","rh_middletemporal_thickness",100,38,0
"MFP","M","thickness","rh_parahippocampal_thickness",100,38,0
"MFP","M","thickness","rh_paracentral_thickness",100,38,0
"MFP","M","thickness","rh_parsopercularis_thickness",100,38,0
"MFP","M","thickness","rh_parsorbitalis_thickness",100,38,0
"MFP","M","thickness","rh_parstriangularis_thickness",100,38,0
"MFP","M","thickness","rh_pericalcarine_thickness",100,38,0
"MFP","M","thickness","rh_postcentral_thickness",100,38,0
"MFP","M","thickness","rh_posteriorcingulate_thickness",100,38,0
"MFP","M","thickness","rh_precentral_thickness",100,38,0
"MFP","M","thickness","rh_precuneus_thickness",100,38,0
"MFP","M","thickness","rh_rostralanteriorcingulate_thickness",100,38,0
"MFP","M","thickness","rh_rostralmiddlefrontal_thickness",100,38,0
"MFP","M","thickness","rh_superiorfrontal_thickness",100,38,0
"MFP","M","thickness","rh_superiorparietal_thickness",100,38,0
"MFP","M","thickness","rh_superiortemporal_thickness",100,38,0
"MFP","M","thickness","rh_supramarginal_thickness",100,38,0
"MFP","M","thickness","rh_frontalpole_thickness",100,38,0
"MFP","M","thickness","rh_temporalpole_thickness",100,38,0
"MFP","M","thickness","rh_transversetemporal_thickness",100,38,0
"MFP","M","thickness","rh_insula_thickness",100,38,0
"MFP","F","area","lh_bankssts_area",10,10,32.7998140542199
"MFP","F","area","lh_caudalanteriorcingulate_area",10,10,31.0998452505171
"MFP","F","area","lh_caudalmiddlefrontal_area",10,10,67.2786625661607
"MFP","F","area","lh_cuneus_area",10,10,47.2444443824068
"MFP","F","area","lh_entorhinal_area",10,10,22.8667227634954
"MFP","F","area","lh_fusiform_area",10,10,86.8468305154055
"MFP","F","area","lh_inferiorparietal_area",10,10,134.885947288929
"MFP","F","area","lh_inferiortemporal_area",10,10,83.1337685107597
"MFP","F","area","lh_isthmuscingulate_area",10,10,35.6634948429263
"MFP","F","area","lh_lateraloccipital_area",10,10,111.326996042207
"MFP","F","area","lh_lateralorbitofrontal_area",10,10,83.5243120546107
"MFP","F","area","lh_lingual_area",10,10,89.8080066859647
"MFP","F","area","lh_medialorbitofrontal_area",10,10,56.0532510787405
"MFP","F","area","lh_middletemporal_area",10,10,92.7178667671562
"MFP","F","area","lh_parahippocampal_area",10,10,18.4467532919189
"MFP","F","area","lh_paracentral_area",10,10,25.3392911341513
"MFP","F","area","lh_parsopercularis_area",10,10,57.4672020146963
"MFP","F","area","lh_parsorbitalis_area",10,10,17.5995142251737
"MFP","F","area","lh_parstriangularis_area",10,10,48.3879830593706
"MFP","F","area","lh_pericalcarine_area",10,10,60.7190363569903
"MFP","F","area","lh_postcentral_area",10,10,80.4007967141189
"MFP","F","area","lh_posteriorcingulate_area",10,10,27.8255709884321
"MFP","F","area","lh_precentral_area",10,10,97.8566386073182
"MFP","F","area","lh_precuneus_area",10,10,88.1544200288507
"MFP","F","area","lh_rostralanteriorcingulate_area",10,10,32.0580854078726
"MFP","F","area","lh_rostralmiddlefrontal_area",10,10,106.963266488111
"MFP","F","area","lh_superiorfrontal_area",10,10,157.557496720055
"MFP","F","area","lh_superiorparietal_area",10,10,159.674518682351
"MFP","F","area","lh_superiortemporal_area",10,10,74.0038741909669
"MFP","F","area","lh_supramarginal_area",10,10,113.750828316254
"MFP","F","area","lh_frontalpole_area",10,10,9.67101000002376
"MFP","F","area","lh_temporalpole_area",10,10,17.6877793851894
"MFP","F","area","lh_transversetemporal_area",10,10,15.1401501748585
"MFP","F","area","lh_insula_area",10,10,43.2537656208739
"MFP","F","area","rh_bankssts_area",10,10,23.6636164934321
"MFP","F","area","rh_caudalanteriorcingulate_area",10,10,36.4197743214741
"MFP","F","area","rh_caudalmiddlefrontal_area",10,10,64.0113098094516
"MFP","F","area","rh_cuneus_area",10,10,48.9510637208997
"MFP","F","area","rh_entorhinal_area",10,10,18.0557535503109
"MFP","F","area","rh_fusiform_area",10,10,77.1820688699083
"MFP","F","area","rh_inferiorparietal_area",10,10,148.363262847729
"MFP","F","area","rh_inferiortemporal_area",10,10,81.9617805638528
"MFP","F","area","rh_isthmuscingulate_area",10,10,34.8334215287334
"MFP","F","area","rh_lateraloccipital_area",10,10,133.057563064256
"MFP","F","area","rh_lateralorbitofrontal_area",10,10,99.2873393042415
"MFP","F","area","rh_lingual_area",10,10,104.872596383943
"MFP","F","area","rh_medialorbitofrontal_area",10,10,51.1713692276647
"MFP","F","area","rh_middletemporal_area",10,10,81.8944001223785
"MFP","F","area","rh_parahippocampal_area",10,10,13.9145029483515
"MFP","F","area","rh_paracentral_area",10,10,45.2741452967729
"MFP","F","area","rh_parsopercularis_area",10,10,51.7644638895216
"MFP","F","area","rh_parsorbitalis_area",10,10,24.7311908576755
"MFP","F","area","rh_parstriangularis_area",10,10,54.0842285861305
"MFP","F","area","rh_pericalcarine_area",10,10,66.2082635304274
"MFP","F","area","rh_postcentral_area",10,10,73.399392069326
"MFP","F","area","rh_posteriorcingulate_area",10,10,34.304316914135
"MFP","F","area","rh_precentral_area",10,10,78.9192964881653
"MFP","F","area","rh_precuneus_area",10,10,120.759663465656
"MFP","F","area","rh_rostralanteriorcingulate_area",10,10,25.2170960756413
"MFP","F","area","rh_rostralmiddlefrontal_area",10,10,124.170148006056
"MFP","F","area","rh_superiorfrontal_area",10,10,148.727597043004
"MFP","F","area","rh_superiorparietal_area",10,10,154.444854810658
"MFP","F","area","rh_superiortemporal_area",10,10,82.869748249785
"MFP","F","area","rh_supramarginal_area",10,10,74.0089746235469
"MFP","F","area","rh_frontalpole_area",10,10,13.1973287681068
"MFP","F","area","rh_temporalpole_area",10,10,14.0246916674402
"MFP","F","area","rh_transversetemporal_area",10,10,10.8272364264408
"MFP","F","area","rh_insula_area",10,10,63.3082623485856
"MFP","F","area","lh_bankssts_area",20,20,24.6277587948153
"MFP","F","area","lh_caudalanteriorcingulate_area",20,20,21.9568803892111
"MFP","F","area","lh_caudalmiddlefrontal_area",20,20,39.6818108211106
"MFP","F","area","lh_cuneus_area",20,20,28.4407093310579
"MFP","F","area","lh_entorhinal_area",20,20,14.3151822252043
"MFP","F","area","lh_fusiform_area",20,20,58.2247554208584
"MFP","F","area","lh_inferiorparietal_area",20,20,91.8388504113222
"MFP","F","area","lh_inferiortemporal_area",20,20,49.6527217486962
"MFP","F","area","lh_isthmuscingulate_area",20,20,18.9471558578503
"MFP","F","area","lh_lateraloccipital_area",20,20,71.5957829918678
"MFP","F","area","lh_lateralorbitofrontal_area",20,20,57.6562773698279
"MFP","F","area","lh_lingual_area",20,20,55.1969969610249
"MFP","F","area","lh_medialorbitofrontal_area",20,20,34.9517516308016
"MFP","F","area","lh_middletemporal_area",20,20,49.914431812411
"MFP","F","area","lh_parahippocampal_area",20,20,10.8932993119444
"MFP","F","area","lh_paracentral_area",20,20,19.4127203952865
"MFP","F","area","lh_parsopercularis_area",20,20,34.994620188515
"MFP","F","area","lh_parsorbitalis_area",20,20,12.2291770742971
"MFP","F","area","lh_parstriangularis_area",20,20,30.2382357134674
"MFP","F","area","lh_pericalcarine_area",20,20,34.2543370177562
"MFP","F","area","lh_postcentral_area",20,20,48.8965540927539
"MFP","F","area","lh_posteriorcingulate_area",20,20,17.3237332594334
"MFP","F","area","lh_precentral_area",20,20,55.5443164918775
"MFP","F","area","lh_precuneus_area",20,20,58.261130779916
"MFP","F","area","lh_rostralanteriorcingulate_area",20,20,20.2619933054946
"MFP","F","area","lh_rostralmiddlefrontal_area",20,20,72.3610474866346
"MFP","F","area","lh_superiorfrontal_area",20,20,98.9789800616395
"MFP","F","area","lh_superiorparietal_area",20,20,106.099846862078
"MFP","F","area","lh_superiortemporal_area",20,20,42.6993317841888
"MFP","F","area","lh_supramarginal_area",20,20,86.4575464421286
"MFP","F","area","lh_frontalpole_area",20,20,6.48525828983674
"MFP","F","area","lh_temporalpole_area",20,20,10.0310557457391
"MFP","F","area","lh_transversetemporal_area",20,20,8.86214363760315
"MFP","F","area","lh_insula_area",20,20,30.4829264332396
"MFP","F","area","rh_bankssts_area",20,20,13.9857676527426
"MFP","F","area","rh_caudalanteriorcingulate_area",20,20,19.2102920504498
"MFP","F","area","rh_caudalmiddlefrontal_area",20,20,34.3279558504568
"MFP","F","area","rh_cuneus_area",20,20,30.2640060278781
"MFP","F","area","rh_entorhinal_area",20,20,12.7452788934879
"MFP","F","area","rh_fusiform_area",20,20,57.6120536353538
"MFP","F","area","rh_inferiorparietal_area",20,20,81.9714608420835
"MFP","F","area","rh_inferiortemporal_area",20,20,51.1603126734431
"MFP","F","area","rh_isthmuscingulate_area",20,20,22.8488752066607
"MFP","F","area","rh_lateraloccipital_area",20,20,79.9305611173695
"MFP","F","area","rh_lateralorbitofrontal_area",20,20,58.4098917030562
"MFP","F","area","rh_lingual_area",20,20,77.8497239716131
"MFP","F","area","rh_medialorbitofrontal_area",20,20,25.6913581065255
"MFP","F","area","rh_middletemporal_area",20,20,53.3292489985471
"MFP","F","area","rh_parahippocampal_area",20,20,9.25080270595159
"MFP","F","area","rh_paracentral_area",20,20,28.5836818717356
"MFP","F","area","rh_parsopercularis_area",20,20,33.3280278917688
"MFP","F","area","rh_parsorbitalis_area",20,20,15.1346886767186
"MFP","F","area","rh_parstriangularis_area",20,20,32.7363885040101
"MFP","F","area","rh_pericalcarine_area",20,20,41.0951689478462
"MFP","F","area","rh_postcentral_area",20,20,44.5368388861164
"MFP","F","area","rh_posteriorcingulate_area",20,20,21.6791538247954
"MFP","F","area","rh_precentral_area",20,20,51.3073098843052
"MFP","F","area","rh_precuneus_area",20,20,78.9598976082479
"MFP","F","area","rh_rostralanteriorcingulate_area",20,20,14.4441972784035
"MFP","F","area","rh_rostralmiddlefrontal_area",20,20,93.3954803002496
"MFP","F","area","rh_superiorfrontal_area",20,20,83.1581237462488
"MFP","F","area","rh_superiorparietal_area",20,20,111.952059184698
"MFP","F","area","rh_superiortemporal_area",20,20,50.7105837878354
"MFP","F","area","rh_supramarginal_area",20,20,50.6841201530409
"MFP","F","area","rh_frontalpole_area",20,20,9.33486139683943
"MFP","F","area","rh_temporalpole_area",20,20,9.89319746894197
"MFP","F","area","rh_transversetemporal_area",20,20,6.28257704065785
"MFP","F","area","rh_insula_area",20,20,37.7049175483317
"MFP","F","area","lh_bankssts_area",30,30,16.359811621487
"MFP","F","area","lh_caudalanteriorcingulate_area",30,30,15.961997203635
"MFP","F","area","lh_caudalmiddlefrontal_area",30,30,28.6449177269322
"MFP","F","area","lh_cuneus_area",30,30,20.009288314517
"MFP","F","area","lh_entorhinal_area",30,30,10.9737783434377
"MFP","F","area","lh_fusiform_area",30,30,40.5492509326339
"MFP","F","area","lh_inferiorparietal_area",30,30,59.1541755613126
"MFP","F","area","lh_inferiortemporal_area",30,30,47.0041310357632
"MFP","F","area","lh_isthmuscingulate_area",30,30,13.7336323871397
"MFP","F","area","lh_lateraloccipital_area",30,30,49.1410692012111
"MFP","F","area","lh_lateralorbitofrontal_area",30,30,35.8441747353618
"MFP","F","area","lh_lingual_area",30,30,37.7464223912835
"MFP","F","area","lh_medialorbitofrontal_area",30,30,27.7671952753586
"MFP","F","area","lh_middletemporal_area",30,30,39.6885097461781
"MFP","F","area","lh_parahippocampal_area",30,30,7.85943249583187
"MFP","F","area","lh_paracentral_area",30,30,14.8855327547301
"MFP","F","area","lh_parsopercularis_area",30,30,27.5980622826381
"MFP","F","area","lh_parsorbitalis_area",30,30,7.42179024504178
"MFP","F","area","lh_parstriangularis_area",30,30,22.117787289505
"MFP","F","area","lh_pericalcarine_area",30,30,24.5634475216558
"MFP","F","area","lh_postcentral_area",30,30,34.2614689945584
"MFP","F","area","lh_posteriorcingulate_area",30,30,12.9804823947088
"MFP","F","area","lh_precentral_area",30,30,43.8403281009508
"MFP","F","area","lh_precuneus_area",30,30,38.4068523316671
"MFP","F","area","lh_rostralanteriorcingulate_area",30,30,15.5845069324681
"MFP","F","area","lh_rostralmiddlefrontal_area",30,30,58.3358851373694
"MFP","F","area","lh_superiorfrontal_area",30,30,72.1998709435474
"MFP","F","area","lh_superiorparietal_area",30,30,72.1201310924997
"MFP","F","area","lh_superiortemporal_area",30,30,29.4661716896817
"MFP","F","area","lh_supramarginal_area",30,30,55.3742651762908
"MFP","F","area","lh_frontalpole_area",30,30,4.42118222109843
"MFP","F","area","lh_temporalpole_area",30,30,8.0209069540336
"MFP","F","area","lh_transversetemporal_area",30,30,6.70303999603171
"MFP","F","area","lh_insula_area",30,30,22.6697160612717
"MFP","F","area","rh_bankssts_area",30,30,10.7007771642741
"MFP","F","area","rh_caudalanteriorcingulate_area",30,30,16.3128985879547
"MFP","F","area","rh_caudalmiddlefrontal_area",30,30,23.8907285694336
"MFP","F","area","rh_cuneus_area",30,30,18.979040767565
"MFP","F","area","rh_entorhinal_area",30,30,8.28129518379282
"MFP","F","area","rh_fusiform_area",30,30,42.1018486326273
"MFP","F","area","rh_inferiorparietal_area",30,30,59.645389885517
"MFP","F","area","rh_inferiortemporal_area",30,30,39.5314883037153
"MFP","F","area","rh_isthmuscingulate_area",30,30,15.4409861267993
"MFP","F","area","rh_lateraloccipital_area",30,30,60.5275344983197
"MFP","F","area","rh_lateralorbitofrontal_area",30,30,42.2029874365153
"MFP","F","area","rh_lingual_area",30,30,47.4841159830335
"MFP","F","area","rh_medialorbitofrontal_area",30,30,23.2158516622905
"MFP","F","area","rh_middletemporal_area",30,30,34.6418790451335
"MFP","F","area","rh_parahippocampal_area",30,30,5.96954189010437
"MFP","F","area","rh_paracentral_area",30,30,25.8650784215473
"MFP","F","area","rh_parsopercularis_area",30,30,23.0278426226103
"MFP","F","area","rh_parsorbitalis_area",30,30,11.4959770866357
"MFP","F","area","rh_parstriangularis_area",30,30,22.4381354849322
"MFP","F","area","rh_pericalcarine_area",30,30,29.820284204829
"MFP","F","area","rh_postcentral_area",30,30,29.4880567525874
"MFP","F","area","rh_posteriorcingulate_area",30,30,14.9313531169147
"MFP","F","area","rh_precentral_area",30,30,38.0332468069366
"MFP","F","area","rh_precuneus_area",30,30,60.4311288771966
"MFP","F","area","rh_rostralanteriorcingulate_area",30,30,11.3741442657516
"MFP","F","area","rh_rostralmiddlefrontal_area",30,30,67.6708065364842
"MFP","F","area","rh_superiorfrontal_area",30,30,56.7460585786875
"MFP","F","area","rh_superiorparietal_area",30,30,74.0864406335546
"MFP","F","area","rh_superiortemporal_area",30,30,31.5378423468913
"MFP","F","area","rh_supramarginal_area",30,30,36.0974596678285
"MFP","F","area","rh_frontalpole_area",30,30,5.52681025814046
"MFP","F","area","rh_temporalpole_area",30,30,6.95519015737888
"MFP","F","area","rh_transversetemporal_area",30,30,5.19375639416319
"MFP","F","area","rh_insula_area",30,30,26.2999575136408
"MFP","F","area","lh_bankssts_area",50,50,7.08027874871958
"MFP","F","area","lh_caudalanteriorcingulate_area",50,50,7.82534483405199
"MFP","F","area","lh_caudalmiddlefrontal_area",50,50,14.9111005001306
"MFP","F","area","lh_cuneus_area",50,50,9.66538967632989
"MFP","F","area","lh_entorhinal_area",50,50,5.57156834701752
"MFP","F","area","lh_fusiform_area",50,50,18.67090783191
"MFP","F","area","lh_inferiorparietal_area",50,50,32.8190684689375
"MFP","F","area","lh_inferiortemporal_area",50,50,18.9923671798114
"MFP","F","area","lh_isthmuscingulate_area",50,50,5.55395707972923
"MFP","F","area","lh_lateraloccipital_area",50,50,21.0843587292415
"MFP","F","area","lh_lateralorbitofrontal_area",50,50,15.1536013976978
"MFP","F","area","lh_lingual_area",50,50,16.7948334602819
"MFP","F","area","lh_medialorbitofrontal_area",50,50,12.850385268991
"MFP","F","area","lh_middletemporal_area",50,50,14.6914488222979
"MFP","F","area","lh_parahippocampal_area",50,50,3.36139832727662
"MFP","F","area","lh_paracentral_area",50,50,6.37312604681107
"MFP","F","area","lh_parsopercularis_area",50,50,12.7585105387545
"MFP","F","area","lh_parsorbitalis_area",50,50,3.85873937648566
"MFP","F","area","lh_parstriangularis_area",50,50,10.3609040866908
"MFP","F","area","lh_pericalcarine_area",50,50,12.5968263789209
"MFP","F","area","lh_postcentral_area",50,50,15.3495420961833
"MFP","F","area","lh_posteriorcingulate_area",50,50,5.60597234158909
"MFP","F","area","lh_precentral_area",50,50,21.1462431263395
"MFP","F","area","lh_precuneus_area",50,50,17.1351022907623
"MFP","F","area","lh_rostralanteriorcingulate_area",50,50,7.42512728933321
"MFP","F","area","lh_rostralmiddlefrontal_area",50,50,25.0687065517555
"MFP","F","area","lh_superiorfrontal_area",50,50,30.8851955281381
"MFP","F","area","lh_superiorparietal_area",50,50,33.5908172175415
"MFP","F","area","lh_superiortemporal_area",50,50,16.0727036122105
"MFP","F","area","lh_supramarginal_area",50,50,24.4261891706943
"MFP","F","area","lh_frontalpole_area",50,50,2.04746187932416
"MFP","F","area","lh_temporalpole_area",50,50,3.94819510969498
"MFP","F","area","lh_transversetemporal_area",50,50,2.99230016265284
"MFP","F","area","lh_insula_area",50,50,9.94436330181951
"MFP","F","area","rh_bankssts_area",50,50,4.76516771833417
"MFP","F","area","rh_caudalanteriorcingulate_area",50,50,8.01701238373232
"MFP","F","area","rh_caudalmiddlefrontal_area",50,50,12.7521751193201
"MFP","F","area","rh_cuneus_area",50,50,9.58144821858465
"MFP","F","area","rh_entorhinal_area",50,50,4.33215054109308
"MFP","F","area","rh_fusiform_area",50,50,17.6591866636676
"MFP","F","area","rh_inferiorparietal_area",50,50,29.6331949238353
"MFP","F","area","rh_inferiortemporal_area",50,50,17.0480189847409
"MFP","F","area","rh_isthmuscingulate_area",50,50,6.60626571256594
"MFP","F","area","rh_lateraloccipital_area",50,50,26.3309626400038
"MFP","F","area","rh_lateralorbitofrontal_area",50,50,19.8229875888275
"MFP","F","area","rh_lingual_area",50,50,23.2982080545874
"MFP","F","area","rh_medialorbitofrontal_area",50,50,9.69554455436151
"MFP","F","area","rh_middletemporal_area",50,50,17.3906538581396
"MFP","F","area","rh_parahippocampal_area",50,50,3.0043623932493
"MFP","F","area","rh_paracentral_area",50,50,10.7709992404013
"MFP","F","area","rh_parsopercularis_area",50,50,10.6182029263822
"MFP","F","area","rh_parsorbitalis_area",50,50,4.68856634465298
"MFP","F","area","rh_parstriangularis_area",50,50,11.4518359504085
"MFP","F","area","rh_pericalcarine_area",50,50,15.5270345235384
"MFP","F","area","rh_postcentral_area",50,50,17.2406816491679
"MFP","F","area","rh_posteriorcingulate_area",50,50,6.88945302244138
"MFP","F","area","rh_precentral_area",50,50,20.4181429756715
"MFP","F","area","rh_precuneus_area",50,50,24.5565593096291
"MFP","F","area","rh_rostralanteriorcingulate_area",50,50,5.69162456726503
"MFP","F","area","rh_rostralmiddlefrontal_area",50,50,30.312091986907
"MFP","F","area","rh_superiorfrontal_area",50,50,29.0134866612714
"MFP","F","area","rh_superiorparietal_area",50,50,33.4674255146483
"MFP","F","area","rh_superiortemporal_area",50,50,18.415942836294
"MFP","F","area","rh_supramarginal_area",50,50,16.7708630802898
"MFP","F","area","rh_frontalpole_area",50,50,2.77201995982044
"MFP","F","area","rh_temporalpole_area",50,50,3.43605010317789
"MFP","F","area","rh_transversetemporal_area",50,50,2.15748783149032
"MFP","F","area","rh_insula_area",50,50,12.8016806380428
"MFP","F","area","lh_bankssts_area",75,62,0
"MFP","F","area","lh_caudalanteriorcingulate_area",75,62,0
"MFP","F","area","lh_caudalmiddlefrontal_area",75,62,0
"MFP","F","area","lh_cuneus_area",75,62,0
"MFP","F","area","lh_entorhinal_area",75,62,0
"MFP","F","area","lh_fusiform_area",75,62,0
"MFP","F","area","lh_inferiorparietal_area",75,62,0
"MFP","F","area","lh_inferiortemporal_area",75,62,0
"MFP","F","area","lh_isthmuscingulate_area",75,62,0
"MFP","F","area","lh_lateraloccipital_area",75,62,0
"MFP","F","area","lh_lateralorbitofrontal_area",75,62,0
"MFP","F","area","lh_lingual_area",75,62,0
"MFP","F","area","lh_medialorbitofrontal_area",75,62,0
"MFP","F","area","lh_middletemporal_area",75,62,0
"MFP","F","area","lh_parahippocampal_area",75,62,0
"MFP","F","area","lh_paracentral_area",75,62,0
"MFP","F","area","lh_parsopercularis_area",75,62,0
"MFP","F","area","lh_parsorbitalis_area",75,62,0
"MFP","F","area","lh_parstriangularis_area",75,62,0
"MFP","F","area","lh_pericalcarine_area",75,62,0
"MFP","F","area","lh_postcentral_area",75,62,0
"MFP","F","area","lh_posteriorcingulate_area",75,62,0
"MFP","F","area","lh_precentral_area",75,62,0
"MFP","F","area","lh_precuneus_area",75,62,0
"MFP","F","area","lh_rostralanteriorcingulate_area",75,62,0
"MFP","F","area","lh_rostralmiddlefrontal_area",75,62,0
"MFP","F","area","lh_superiorfrontal_area",75,62,0
"MFP","F","area","lh_superiorparietal_area",75,62,0
"MFP","F","area","lh_superiortemporal_area",75,62,0
"MFP","F","area","lh_supramarginal_area",75,62,0
"MFP","F","area","lh_frontalpole_area",75,62,0
"MFP","F","area","lh_temporalpole_area",75,62,0
"MFP","F","area","lh_transversetemporal_area",75,62,0
"MFP","F","area","lh_insula_area",75,62,0
"MFP","F","area","rh_bankssts_area",75,62,0
"MFP","F","area","rh_caudalanteriorcingulate_area",75,62,0
"MFP","F","area","rh_caudalmiddlefrontal_area",75,62,0
"MFP","F","area","rh_cuneus_area",75,62,0
"MFP","F","area","rh_entorhinal_area",75,62,0
"MFP","F","area","rh_fusiform_area",75,62,0
"MFP","F","area","rh_inferiorparietal_area",75,62,0
"MFP","F","area","rh_inferiortemporal_area",75,62,0
"MFP","F","area","rh_isthmuscingulate_area",75,62,0
"MFP","F","area","rh_lateraloccipital_area",75,62,0
"MFP","F","area","rh_lateralorbitofrontal_area",75,62,0
"MFP","F","area","rh_lingual_area",75,62,0
"MFP","F","area","rh_medialorbitofrontal_area",75,62,0
"MFP","F","area","rh_middletemporal_area",75,62,0
"MFP","F","area","rh_parahippocampal_area",75,62,0
"MFP","F","area","rh_paracentral_area",75,62,0
"MFP","F","area","rh_parsopercularis_area",75,62,0
"MFP","F","area","rh_parsorbitalis_area",75,62,0
"MFP","F","area","rh_parstriangularis_area",75,62,0
"MFP","F","area","rh_pericalcarine_area",75,62,0
"MFP","F","area","rh_postcentral_area",75,62,0
"MFP","F","area","rh_posteriorcingulate_area",75,62,0
"MFP","F","area","rh_precentral_area",75,62,0
"MFP","F","area","rh_precuneus_area",75,62,0
"MFP","F","area","rh_rostralanteriorcingulate_area",75,62,0
"MFP","F","area","rh_rostralmiddlefrontal_area",75,62,0
"MFP","F","area","rh_superiorfrontal_area",75,62,0
"MFP","F","area","rh_superiorparietal_area",75,62,0
"MFP","F","area","rh_superiortemporal_area",75,62,0
"MFP","F","area","rh_supramarginal_area",75,62,0
"MFP","F","area","rh_frontalpole_area",75,62,0
"MFP","F","area","rh_temporalpole_area",75,62,0
"MFP","F","area","rh_transversetemporal_area",75,62,0
"MFP","F","area","rh_insula_area",75,62,0
"MFP","F","area","lh_bankssts_area",100,62,0
"MFP","F","area","lh_caudalanteriorcingulate_area",100,62,0
"MFP","F","area","lh_caudalmiddlefrontal_area",100,62,0
"MFP","F","area","lh_cuneus_area",100,62,0
"MFP","F","area","lh_entorhinal_area",100,62,0
"MFP","F","area","lh_fusiform_area",100,62,0
"MFP","F","area","lh_inferiorparietal_area",100,62,0
"MFP","F","area","lh_inferiortemporal_area",100,62,0
"MFP","F","area","lh_isthmuscingulate_area",100,62,0
"MFP","F","area","lh_lateraloccipital_area",100,62,0
"MFP","F","area","lh_lateralorbitofrontal_area",100,62,0
"MFP","F","area","lh_lingual_area",100,62,0
"MFP","F","area","lh_medialorbitofrontal_area",100,62,0
"MFP","F","area","lh_middletemporal_area",100,62,0
"MFP","F","area","lh_parahippocampal_area",100,62,0
"MFP","F","area","lh_paracentral_area",100,62,0
"MFP","F","area","lh_parsopercularis_area",100,62,0
"MFP","F","area","lh_parsorbitalis_area",100,62,0
"MFP","F","area","lh_parstriangularis_area",100,62,0
"MFP","F","area","lh_pericalcarine_area",100,62,0
"MFP","F","area","lh_postcentral_area",100,62,0
"MFP","F","area","lh_posteriorcingulate_area",100,62,0
"MFP","F","area","lh_precentral_area",100,62,0
"MFP","F","area","lh_precuneus_area",100,62,0
"MFP","F","area","lh_rostralanteriorcingulate_area",100,62,0
"MFP","F","area","lh_rostralmiddlefrontal_area",100,62,0
"MFP","F","area","lh_superiorfrontal_area",100,62,0
"MFP","F","area","lh_superiorparietal_area",100,62,0
"MFP","F","area","lh_superiortemporal_area",100,62,0
"MFP","F","area","lh_supramarginal_area",100,62,0
"MFP","F","area","lh_frontalpole_area",100,62,0
"MFP","F","area","lh_temporalpole_area",100,62,0
"MFP","F","area","lh_transversetemporal_area",100,62,0
"MFP","F","area","lh_insula_area",100,62,0
"MFP","F","area","rh_bankssts_area",100,62,0
"MFP","F","area","rh_caudalanteriorcingulate_area",100,62,0
"MFP","F","area","rh_caudalmiddlefrontal_area",100,62,0
"MFP","F","area","rh_cuneus_area",100,62,0
"MFP","F","area","rh_entorhinal_area",100,62,0
"MFP","F","area","rh_fusiform_area",100,62,0
"MFP","F","area","rh_inferiorparietal_area",100,62,0
"MFP","F","area","rh_inferiortemporal_area",100,62,0
"MFP","F","area","rh_isthmuscingulate_area",100,62,0
"MFP","F","area","rh_lateraloccipital_area",100,62,0
"MFP","F","area","rh_lateralorbitofrontal_area",100,62,0
"MFP","F","area","rh_lingual_area",100,62,0
"MFP","F","area","rh_medialorbitofrontal_area",100,62,0
"MFP","F","area","rh_middletemporal_area",100,62,0
"MFP","F","area","rh_parahippocampal_area",100,62,0
"MFP","F","area","rh_paracentral_area",100,62,0
"MFP","F","area","rh_parsopercularis_area",100,62,0
"MFP","F","area","rh_parsorbitalis_area",100,62,0
"MFP","F","area","rh_parstriangularis_area",100,62,0
"MFP","F","area","rh_pericalcarine_area",100,62,0
"MFP","F","area","rh_postcentral_area",100,62,0
"MFP","F","area","rh_posteriorcingulate_area",100,62,0
"MFP","F","area","rh_precentral_area",100,62,0
"MFP","F","area","rh_precuneus_area",100,62,0
"MFP","F","area","rh_rostralanteriorcingulate_area",100,62,0
"MFP","F","area","rh_rostralmiddlefrontal_area",100,62,0
"MFP","F","area","rh_superiorfrontal_area",100,62,0
"MFP","F","area","rh_superiorparietal_area",100,62,0
"MFP","F","area","rh_superiortemporal_area",100,62,0
"MFP","F","area","rh_supramarginal_area",100,62,0
"MFP","F","area","rh_frontalpole_area",100,62,0
"MFP","F","area","rh_temporalpole_area",100,62,0
"MFP","F","area","rh_transversetemporal_area",100,62,0
"MFP","F","area","rh_insula_area",100,62,0
"MFP","M","area","lh_bankssts_area",10,10,51.2168803432066
"MFP","M","area","lh_caudalanteriorcingulate_area",10,10,45.6188225980073
"MFP","M","area","lh_caudalmiddlefrontal_area",10,10,66.8963983890799
"MFP","M","area","lh_cuneus_area",10,10,43.8012529918097
"MFP","M","area","lh_entorhinal_area",10,10,23.1739602043841
"MFP","M","area","lh_fusiform_area",10,10,66.8275907673742
"MFP","M","area","lh_inferiorparietal_area",10,10,127.553531754016
"MFP","M","area","lh_inferiortemporal_area",10,10,89.812981272749
"MFP","M","area","lh_isthmuscingulate_area",10,10,28.6314598809089
"MFP","M","area","lh_lateraloccipital_area",10,10,153.068405456006
"MFP","M","area","lh_lateralorbitofrontal_area",10,10,83.2888129181118
"MFP","M","area","lh_lingual_area",10,10,83.4178119326819
"MFP","M","area","lh_medialorbitofrontal_area",10,10,53.8824933470949
"MFP","M","area","lh_middletemporal_area",10,10,53.2480716146803
"MFP","M","area","lh_parahippocampal_area",10,10,16.1235324636117
"MFP","M","area","lh_paracentral_area",10,10,36.0363700699753
"MFP","M","area","lh_parsopercularis_area",10,10,77.1980867237211
"MFP","M","area","lh_parsorbitalis_area",10,10,16.4154718069555
"MFP","M","area","lh_parstriangularis_area",10,10,43.4947216182759
"MFP","M","area","lh_pericalcarine_area",10,10,51.5442911425218
"MFP","M","area","lh_postcentral_area",10,10,88.1773540806126
"MFP","M","area","lh_posteriorcingulate_area",10,10,37.814022567563
"MFP","M","area","lh_precentral_area",10,10,69.8772858972188
"MFP","M","area","lh_precuneus_area",10,10,83.9263210382309
"MFP","M","area","lh_rostralanteriorcingulate_area",10,10,23.2018038669627
"MFP","M","area","lh_rostralmiddlefrontal_area",10,10,125.567615628704
"MFP","M","area","lh_superiorfrontal_area",10,10,129.176445152474
"MFP","M","area","lh_superiorparietal_area",10,10,139.834774069725
"MFP","M","area","lh_superiortemporal_area",10,10,82.8937717126106
"MFP","M","area","lh_supramarginal_area",10,10,139.368669520437
"MFP","M","area","lh_frontalpole_area",10,10,8.62843425319674
"MFP","M","area","lh_temporalpole_area",10,10,16.70855396775
"MFP","M","area","lh_transversetemporal_area",10,10,14.0261943053378
"MFP","M","area","lh_insula_area",10,10,43.151370143385
"MFP","M","area","rh_bankssts_area",10,10,31.4436625851709
"MFP","M","area","rh_caudalanteriorcingulate_area",10,10,28.1041290655108
"MFP","M","area","rh_caudalmiddlefrontal_area",10,10,83.8551189603161
"MFP","M","area","rh_cuneus_area",10,10,34.1479594624921
"MFP","M","area","rh_entorhinal_area",10,10,18.3807962363981
"MFP","M","area","rh_fusiform_area",10,10,60.7198861560922
"MFP","M","area","rh_inferiorparietal_area",10,10,186.103707281399
"MFP","M","area","rh_inferiortemporal_area",10,10,77.609807729243
"MFP","M","area","rh_isthmuscingulate_area",10,10,34.9872960300228
"MFP","M","area","rh_lateraloccipital_area",10,10,148.877176417201
"MFP","M","area","rh_lateralorbitofrontal_area",10,10,86.9572295754383
"MFP","M","area","rh_lingual_area",10,10,107.868647515467
"MFP","M","area","rh_medialorbitofrontal_area",10,10,51.239004639556
"MFP","M","area","rh_middletemporal_area",10,10,63.9245947707164
"MFP","M","area","rh_parahippocampal_area",10,10,19.8741217331932
"MFP","M","area","rh_paracentral_area",10,10,43.1229926213471
"MFP","M","area","rh_parsopercularis_area",10,10,44.5782685428987
"MFP","M","area","rh_parsorbitalis_area",10,10,25.2958383554345
"MFP","M","area","rh_parstriangularis_area",10,10,46.9768628062509
"MFP","M","area","rh_pericalcarine_area",10,10,52.2020487338396
"MFP","M","area","rh_postcentral_area",10,10,90.2444192828304
"MFP","M","area","rh_posteriorcingulate_area",10,10,41.9752136286986
"MFP","M","area","rh_precentral_area",10,10,88.3002109159578
"MFP","M","area","rh_precuneus_area",10,10,97.3774139238508
"MFP","M","area","rh_rostralanteriorcingulate_area",10,10,24.798811244523
"MFP","M","area","rh_rostralmiddlefrontal_area",10,10,149.387366517105
"MFP","M","area","rh_superiorfrontal_area",10,10,122.220083049071
"MFP","M","area","rh_superiorparietal_area",10,10,128.844512494311
"MFP","M","area","rh_superiortemporal_area",10,10,74.5501512132931
"MFP","M","area","rh_supramarginal_area",10,10,106.625973905829
"MFP","M","area","rh_frontalpole_area",10,10,9.41825756063874
"MFP","M","area","rh_temporalpole_area",10,10,17.5922317445009
"MFP","M","area","rh_transversetemporal_area",10,10,10.6611305702035
"MFP","M","area","rh_insula_area",10,10,59.0537880059264
"MFP","M","area","lh_bankssts_area",20,20,30.3243902419307
"MFP","M","area","lh_caudalanteriorcingulate_area",20,20,26.9536945228479
"MFP","M","area","lh_caudalmiddlefrontal_area",20,20,38.2982782883838
"MFP","M","area","lh_cuneus_area",20,20,28.3656912332982
"MFP","M","area","lh_entorhinal_area",20,20,14.4580873197254
"MFP","M","area","lh_fusiform_area",20,20,44.6537940270736
"MFP","M","area","lh_inferiorparietal_area",20,20,82.2488243550294
"MFP","M","area","lh_inferiortemporal_area",20,20,50.3121057495579
"MFP","M","area","lh_isthmuscingulate_area",20,20,16.7649885873471
"MFP","M","area","lh_lateraloccipital_area",20,20,97.9424702543543
"MFP","M","area","lh_lateralorbitofrontal_area",20,20,44.0799769875084
"MFP","M","area","lh_lingual_area",20,20,50.2399403868427
"MFP","M","area","lh_medialorbitofrontal_area",20,20,26.8985707852134
"MFP","M","area","lh_middletemporal_area",20,20,37.2612005290802
"MFP","M","area","lh_parahippocampal_area",20,20,8.45764168114033
"MFP","M","area","lh_paracentral_area",20,20,22.5469318235377
"MFP","M","area","lh_parsopercularis_area",20,20,42.8218808829499
"MFP","M","area","lh_parsorbitalis_area",20,20,9.26255189978407
"MFP","M","area","lh_parstriangularis_area",20,20,26.4814568203291
"MFP","M","area","lh_pericalcarine_area",20,20,29.7030318896785
"MFP","M","area","lh_postcentral_area",20,20,54.925968250527
"MFP","M","area","lh_posteriorcingulate_area",20,20,22.4190772287943
"MFP","M","area","lh_precentral_area",20,20,44.9021919840581
"MFP","M","area","lh_precuneus_area",20,20,53.715397176536
"MFP","M","area","lh_rostralanteriorcingulate_area",20,20,16.0942816554063
"MFP","M","area","lh_rostralmiddlefrontal_area",20,20,70.9451217210453
"MFP","M","area","lh_superiorfrontal_area",20,20,78.2299213320571
"MFP","M","area","lh_superiorparietal_area",20,20,72.0298498420679
"MFP","M","area","lh_superiortemporal_area",20,20,44.0733058302498
"MFP","M","area","lh_supramarginal_area",20,20,78.9224146352691
"MFP","M","area","lh_frontalpole_area",20,20,5.33007718271908
"MFP","M","area","lh_temporalpole_area",20,20,9.36455162619781
"MFP","M","area","lh_transversetemporal_area",20,20,7.88147973479577
"MFP","M","area","lh_insula_area",20,20,27.3190399515187
"MFP","M","area","rh_bankssts_area",20,20,20.4222268550961
"MFP","M","area","rh_caudalanteriorcingulate_area",20,20,16.8651245508561
"MFP","M","area","rh_caudalmiddlefrontal_area",20,20,46.5215458638552
"MFP","M","area","rh_cuneus_area",20,20,23.3991594029369
"MFP","M","area","rh_entorhinal_area",20,20,12.5115819332374
"MFP","M","area","rh_fusiform_area",20,20,41.5960544941507
"MFP","M","area","rh_inferiorparietal_area",20,20,105.308129825938
"MFP","M","area","rh_inferiortemporal_area",20,20,42.4126584996065
"MFP","M","area","rh_isthmuscingulate_area",20,20,18.3542925816135
"MFP","M","area","rh_lateraloccipital_area",20,20,108.421774537722
"MFP","M","area","rh_lateralorbitofrontal_area",20,20,45.2669758265761
"MFP","M","area","rh_lingual_area",20,20,62.3286893533942
"MFP","M","area","rh_medialorbitofrontal_area",20,20,30.4581873042756
"MFP","M","area","rh_middletemporal_area",20,20,42.9710288641362
"MFP","M","area","rh_parahippocampal_area",20,20,9.4258279687185
"MFP","M","area","rh_paracentral_area",20,20,24.4065825557175
"MFP","M","area","rh_parsopercularis_area",20,20,27.6978195248577
"MFP","M","area","rh_parsorbitalis_area",20,20,13.9589552092934
"MFP","M","area","rh_parstriangularis_area",20,20,27.0703591086388
"MFP","M","area","rh_pericalcarine_area",20,20,31.1605430515273
"MFP","M","area","rh_postcentral_area",20,20,47.8040119133217
"MFP","M","area","rh_posteriorcingulate_area",20,20,23.8749379036626
"MFP","M","area","rh_precentral_area",20,20,53.8748585435982
"MFP","M","area","rh_precuneus_area",20,20,52.3682264659637
"MFP","M","area","rh_rostralanteriorcingulate_area",20,20,15.0616462253687
"MFP","M","area","rh_rostralmiddlefrontal_area",20,20,81.2938212412323
"MFP","M","area","rh_superiorfrontal_area",20,20,78.486674756181
"MFP","M","area","rh_superiorparietal_area",20,20,71.3690338312494
"MFP","M","area","rh_superiortemporal_area",20,20,47.7481348497952
"MFP","M","area","rh_supramarginal_area",20,20,56.318978101119
"MFP","M","area","rh_frontalpole_area",20,20,6.226132890039
"MFP","M","area","rh_temporalpole_area",20,20,9.77026671622071
"MFP","M","area","rh_transversetemporal_area",20,20,6.8264214252547
"MFP","M","area","rh_insula_area",20,20,35.6423477634291
"MFP","M","area","lh_bankssts_area",30,30,18.28894919329
"MFP","M","area","lh_caudalanteriorcingulate_area",30,30,14.0832795417327
"MFP","M","area","lh_caudalmiddlefrontal_area",30,30,18.4509409642996
"MFP","M","area","lh_cuneus_area",30,30,14.4665662850468
"MFP","M","area","lh_entorhinal_area",30,30,7.55294731651644
"MFP","M","area","lh_fusiform_area",30,30,20.6885116434137
"MFP","M","area","lh_inferiorparietal_area",30,30,43.7862037908322
"MFP","M","area","lh_inferiortemporal_area",30,30,28.0968685752729
"MFP","M","area","lh_isthmuscingulate_area",30,30,10.5026466539024
"MFP","M","area","lh_lateraloccipital_area",30,30,48.6853548242086
"MFP","M","area","lh_lateralorbitofrontal_area",30,30,25.3779286738479
"MFP","M","area","lh_lingual_area",30,30,30.9407511059185
"MFP","M","area","lh_medialorbitofrontal_area",30,30,12.9701211220502
"MFP","M","area","lh_middletemporal_area",30,30,21.0948139616796
"MFP","M","area","lh_parahippocampal_area",30,30,4.5160965406977
"MFP","M","area","lh_paracentral_area",30,30,12.635794159344
"MFP","M","area","lh_parsopercularis_area",30,30,22.743139460565
"MFP","M","area","lh_parsorbitalis_area",30,30,5.09827050256386
"MFP","M","area","lh_parstriangularis_area",30,30,13.1864746519075
"MFP","M","area","lh_pericalcarine_area",30,30,17.5362290447191
"MFP","M","area","lh_postcentral_area",30,30,24.3941897618191
"MFP","M","area","lh_posteriorcingulate_area",30,30,12.5252699944429
"MFP","M","area","lh_precentral_area",30,30,26.4701601655558
"MFP","M","area","lh_precuneus_area",30,30,29.3549010025029
"MFP","M","area","lh_rostralanteriorcingulate_area",30,30,8.82545696822693
"MFP","M","area","lh_rostralmiddlefrontal_area",30,30,37.7840294455459
"MFP","M","area","lh_superiorfrontal_area",30,30,43.9200001030858
"MFP","M","area","lh_superiorparietal_area",30,30,44.3270856383761
"MFP","M","area","lh_superiortemporal_area",30,30,26.1306701996771
"MFP","M","area","lh_supramarginal_area",30,30,42.9412918420479
"MFP","M","area","lh_frontalpole_area",30,30,3.09733177797168
"MFP","M","area","lh_temporalpole_area",30,30,5.49005478620817
"MFP","M","area","lh_transversetemporal_area",30,30,4.39691900280024
"MFP","M","area","lh_insula_area",30,30,13.9110346588471
"MFP","M","area","rh_bankssts_area",30,30,10.592468973194
"MFP","M","area","rh_caudalanteriorcingulate_area",30,30,9.50449361772064
"MFP","M","area","rh_caudalmiddlefrontal_area",30,30,23.9147297757111
"MFP","M","area","rh_cuneus_area",30,30,13.5165816030591
"MFP","M","area","rh_entorhinal_area",30,30,6.25480241607567
"MFP","M","area","rh_fusiform_area",30,30,19.7397382720012
"MFP","M","area","rh_inferiorparietal_area",30,30,47.3936485859579
"MFP","M","area","rh_inferiortemporal_area",30,30,26.2948337624872
"MFP","M","area","rh_isthmuscingulate_area",30,30,10.9829557649643
"MFP","M","area","rh_lateraloccipital_area",30,30,47.2854913025551
"MFP","M","area","rh_lateralorbitofrontal_area",30,30,25.9290695533504
"MFP","M","area","rh_lingual_area",30,30,35.4331887819737
"MFP","M","area","rh_medialorbitofrontal_area",30,30,14.7534092400089
"MFP","M","area","rh_middletemporal_area",30,30,24.9453217215835
"MFP","M","area","rh_parahippocampal_area",30,30,5.23624635667719
"MFP","M","area","rh_paracentral_area",30,30,13.6598416536265
"MFP","M","area","rh_parsopercularis_area",30,30,13.1892394275163
"MFP","M","area","rh_parsorbitalis_area",30,30,7.8590635373865
"MFP","M","area","rh_parstriangularis_area",30,30,15.2433448088531
"MFP","M","area","rh_pericalcarine_area",30,30,18.0128470419499
"MFP","M","area","rh_postcentral_area",30,30,29.0709763218967
"MFP","M","area","rh_posteriorcingulate_area",30,30,13.7132469823578
"MFP","M","area","rh_precentral_area",30,30,28.1520775651718
"MFP","M","area","rh_precuneus_area",30,30,28.3075776464912
"MFP","M","area","rh_rostralanteriorcingulate_area",30,30,7.5944134675317
"MFP","M","area","rh_rostralmiddlefrontal_area",30,30,40.3765304053514
"MFP","M","area","rh_superiorfrontal_area",30,30,38.2428676645914
"MFP","M","area","rh_superiorparietal_area",30,30,41.6123853541201
"MFP","M","area","rh_superiortemporal_area",30,30,26.9560392504251
"MFP","M","area","rh_supramarginal_area",30,30,32.0465998023521
"MFP","M","area","rh_frontalpole_area",30,30,3.16563548332637
"MFP","M","area","rh_temporalpole_area",30,30,5.44231963041527
"MFP","M","area","rh_transversetemporal_area",30,30,3.41424084404026
"MFP","M","area","rh_insula_area",30,30,16.01015246683
"MFP","M","area","lh_bankssts_area",50,38,0
"MFP","M","area","lh_caudalanteriorcingulate_area",50,38,0
"MFP","M","area","lh_caudalmiddlefrontal_area",50,38,0
"MFP","M","area","lh_cuneus_area",50,38,0
"MFP","M","area","lh_entorhinal_area",50,38,0
"MFP","M","area","lh_fusiform_area",50,38,0
"MFP","M","area","lh_inferiorparietal_area",50,38,0
"MFP","M","area","lh_inferiortemporal_area",50,38,0
"MFP","M","area","lh_isthmuscingulate_area",50,38,0
"MFP","M","area","lh_lateraloccipital_area",50,38,0
"MFP","M","area","lh_lateralorbitofrontal_area",50,38,0
"MFP","M","area","lh_lingual_area",50,38,0
"MFP","M","area","lh_medialorbitofrontal_area",50,38,0
"MFP","M","area","lh_middletemporal_area",50,38,0
"MFP","M","area","lh_parahippocampal_area",50,38,0
"MFP","M","area","lh_paracentral_area",50,38,0
"MFP","M","area","lh_parsopercularis_area",50,38,0
"MFP","M","area","lh_parsorbitalis_area",50,38,0
"MFP","M","area","lh_parstriangularis_area",50,38,0
"MFP","M","area","lh_pericalcarine_area",50,38,0
"MFP","M","area","lh_postcentral_area",50,38,0
"MFP","M","area","lh_posteriorcingulate_area",50,38,0
"MFP","M","area","lh_precentral_area",50,38,0
"MFP","M","area","lh_precuneus_area",50,38,0
"MFP","M","area","lh_rostralanteriorcingulate_area",50,38,0
"MFP","M","area","lh_rostralmiddlefrontal_area",50,38,0
"MFP","M","area","lh_superiorfrontal_area",50,38,0
"MFP","M","area","lh_superiorparietal_area",50,38,0
"MFP","M","area","lh_superiortemporal_area",50,38,0
"MFP","M","area","lh_supramarginal_area",50,38,0
"MFP","M","area","lh_frontalpole_area",50,38,0
"MFP","M","area","lh_temporalpole_area",50,38,0
"MFP","M","area","lh_transversetemporal_area",50,38,0
"MFP","M","area","lh_insula_area",50,38,0
"MFP","M","area","rh_bankssts_area",50,38,0
"MFP","M","area","rh_caudalanteriorcingulate_area",50,38,0
"MFP","M","area","rh_caudalmiddlefrontal_area",50,38,0
"MFP","M","area","rh_cuneus_area",50,38,0
"MFP","M","area","rh_entorhinal_area",50,38,0
"MFP","M","area","rh_fusiform_area",50,38,0
"MFP","M","area","rh_inferiorparietal_area",50,38,0
"MFP","M","area","rh_inferiortemporal_area",50,38,0
"MFP","M","area","rh_isthmuscingulate_area",50,38,0
"MFP","M","area","rh_lateraloccipital_area",50,38,0
"MFP","M","area","rh_lateralorbitofrontal_area",50,38,0
"MFP","M","area","rh_lingual_area",50,38,0
"MFP","M","area","rh_medialorbitofrontal_area",50,38,0
"MFP","M","area","rh_middletemporal_area",50,38,0
"MFP","M","area","rh_parahippocampal_area",50,38,0
"MFP","M","area","rh_paracentral_area",50,38,0
"MFP","M","area","rh_parsopercularis_area",50,38,0
"MFP","M","area","rh_parsorbitalis_area",50,38,0
"MFP","M","area","rh_parstriangularis_area",50,38,0
"MFP","M","area","rh_pericalcarine_area",50,38,0
"MFP","M","area","rh_postcentral_area",50,38,0
"MFP","M","area","rh_posteriorcingulate_area",50,38,0
"MFP","M","area","rh_precentral_area",50,38,0
"MFP","M","area","rh_precuneus_area",50,38,0
"MFP","M","area","rh_rostralanteriorcingulate_area",50,38,0
"MFP","M","area","rh_rostralmiddlefrontal_area",50,38,0
"MFP","M","area","rh_superiorfrontal_area",50,38,0
"MFP","M","area","rh_superiorparietal_area",50,38,0
"MFP","M","area","rh_superiortemporal_area",50,38,0
"MFP","M","area","rh_supramarginal_area",50,38,0
"MFP","M","area","rh_frontalpole_area",50,38,0
"MFP","M","area","rh_temporalpole_area",50,38,0
"MFP","M","area","rh_transversetemporal_area",50,38,0
"MFP","M","area","rh_insula_area",50,38,0
"MFP","M","area","lh_bankssts_area",75,38,0
"MFP","M","area","lh_caudalanteriorcingulate_area",75,38,0
"MFP","M","area","lh_caudalmiddlefrontal_area",75,38,0
"MFP","M","area","lh_cuneus_area",75,38,0
"MFP","M","area","lh_entorhinal_area",75,38,0
"MFP","M","area","lh_fusiform_area",75,38,0
"MFP","M","area","lh_inferiorparietal_area",75,38,0
"MFP","M","area","lh_inferiortemporal_area",75,38,0
"MFP","M","area","lh_isthmuscingulate_area",75,38,0
"MFP","M","area","lh_lateraloccipital_area",75,38,0
"MFP","M","area","lh_lateralorbitofrontal_area",75,38,0
"MFP","M","area","lh_lingual_area",75,38,0
"MFP","M","area","lh_medialorbitofrontal_area",75,38,0
"MFP","M","area","lh_middletemporal_area",75,38,0
"MFP","M","area","lh_parahippocampal_area",75,38,0
"MFP","M","area","lh_paracentral_area",75,38,0
"MFP","M","area","lh_parsopercularis_area",75,38,0
"MFP","M","area","lh_parsorbitalis_area",75,38,0
"MFP","M","area","lh_parstriangularis_area",75,38,0
"MFP","M","area","lh_pericalcarine_area",75,38,0
"MFP","M","area","lh_postcentral_area",75,38,0
"MFP","M","area","lh_posteriorcingulate_area",75,38,0
"MFP","M","area","lh_precentral_area",75,38,0
"MFP","M","area","lh_precuneus_area",75,38,0
"MFP","M","area","lh_rostralanteriorcingulate_area",75,38,0
"MFP","M","area","lh_rostralmiddlefrontal_area",75,38,0
"MFP","M","area","lh_superiorfrontal_area",75,38,0
"MFP","M","area","lh_superiorparietal_area",75,38,0
"MFP","M","area","lh_superiortemporal_area",75,38,0
"MFP","M","area","lh_supramarginal_area",75,38,0
"MFP","M","area","lh_frontalpole_area",75,38,0
"MFP","M","area","lh_temporalpole_area",75,38,0
"MFP","M","area","lh_transversetemporal_area",75,38,0
"MFP","M","area","lh_insula_area",75,38,0
"MFP","M","area","rh_bankssts_area",75,38,0
"MFP","M","area","rh_caudalanteriorcingulate_area",75,38,0
"MFP","M","area","rh_caudalmiddlefrontal_area",75,38,0
"MFP","M","area","rh_cuneus_area",75,38,0
"MFP","M","area","rh_entorhinal_area",75,38,0
"MFP","M","area","rh_fusiform_area",75,38,0
"MFP","M","area","rh_inferiorparietal_area",75,38,0
"MFP","M","area","rh_inferiortemporal_area",75,38,0
"MFP","M","area","rh_isthmuscingulate_area",75,38,0
"MFP","M","area","rh_lateraloccipital_area",75,38,0
"MFP","M","area","rh_lateralorbitofrontal_area",75,38,0
"MFP","M","area","rh_lingual_area",75,38,0
"MFP","M","area","rh_medialorbitofrontal_area",75,38,0
"MFP","M","area","rh_middletemporal_area",75,38,0
"MFP","M","area","rh_parahippocampal_area",75,38,0
"MFP","M","area","rh_paracentral_area",75,38,0
"MFP","M","area","rh_parsopercularis_area",75,38,0
"MFP","M","area","rh_parsorbitalis_area",75,38,0
"MFP","M","area","rh_parstriangularis_area",75,38,0
"MFP","M","area","rh_pericalcarine_area",75,38,0
"MFP","M","area","rh_postcentral_area",75,38,0
"MFP","M","area","rh_posteriorcingulate_area",75,38,0
"MFP","M","area","rh_precentral_area",75,38,0
"MFP","M","area","rh_precuneus_area",75,38,0
"MFP","M","area","rh_rostralanteriorcingulate_area",75,38,0
"MFP","M","area","rh_rostralmiddlefrontal_area",75,38,0
"MFP","M","area","rh_superiorfrontal_area",75,38,0
"MFP","M","area","rh_superiorparietal_area",75,38,0
"MFP","M","area","rh_superiortemporal_area",75,38,0
"MFP","M","area","rh_supramarginal_area",75,38,0
"MFP","M","area","rh_frontalpole_area",75,38,0
"MFP","M","area","rh_temporalpole_area",75,38,0
"MFP","M","area","rh_transversetemporal_area",75,38,0
"MFP","M","area","rh_insula_area",75,38,0
"MFP","M","area","lh_bankssts_area",100,38,0
"MFP","M","area","lh_caudalanteriorcingulate_area",100,38,0
"MFP","M","area","lh_caudalmiddlefrontal_area",100,38,0
"MFP","M","area","lh_cuneus_area",100,38,0
"MFP","M","area","lh_entorhinal_area",100,38,0
"MFP","M","area","lh_fusiform_area",100,38,0
"MFP","M","area","lh_inferiorparietal_area",100,38,0
"MFP","M","area","lh_inferiortemporal_area",100,38,0
"MFP","M","area","lh_isthmuscingulate_area",100,38,0
"MFP","M","area","lh_lateraloccipital_area",100,38,0
"MFP","M","area","lh_lateralorbitofrontal_area",100,38,0
"MFP","M","area","lh_lingual_area",100,38,0
"MFP","M","area","lh_medialorbitofrontal_area",100,38,0
"MFP","M","area","lh_middletemporal_area",100,38,0
"MFP","M","area","lh_parahippocampal_area",100,38,0
"MFP","M","area","lh_paracentral_area",100,38,0
"MFP","M","area","lh_parsopercularis_area",100,38,0
"MFP","M","area","lh_parsorbitalis_area",100,38,0
"MFP","M","area","lh_parstriangularis_area",100,38,0
"MFP","M","area","lh_pericalcarine_area",100,38,0
"MFP","M","area","lh_postcentral_area",100,38,0
"MFP","M","area","lh_posteriorcingulate_area",100,38,0
"MFP","M","area","lh_precentral_area",100,38,0
"MFP","M","area","lh_precuneus_area",100,38,0
"MFP","M","area","lh_rostralanteriorcingulate_area",100,38,0
"MFP","M","area","lh_rostralmiddlefrontal_area",100,38,0
"MFP","M","area","lh_superiorfrontal_area",100,38,0
"MFP","M","area","lh_superiorparietal_area",100,38,0
"MFP","M","area","lh_superiortemporal_area",100,38,0
"MFP","M","area","lh_supramarginal_area",100,38,0
"MFP","M","area","lh_frontalpole_area",100,38,0
"MFP","M","area","lh_temporalpole_area",100,38,0
"MFP","M","area","lh_transversetemporal_area",100,38,0
"MFP","M","area","lh_insula_area",100,38,0
"MFP","M","area","rh_bankssts_area",100,38,0
"MFP","M","area","rh_caudalanteriorcingulate_area",100,38,0
"MFP","M","area","rh_caudalmiddlefrontal_area",100,38,0
"MFP","M","area","rh_cuneus_area",100,38,0
"MFP","M","area","rh_entorhinal_area",100,38,0
"MFP","M","area","rh_fusiform_area",100,38,0
"MFP","M","area","rh_inferiorparietal_area",100,38,0
"MFP","M","area","rh_inferiortemporal_area",100,38,0
"MFP","M","area","rh_isthmuscingulate_area",100,38,0
"MFP","M","area","rh_lateraloccipital_area",100,38,0
"MFP","M","area","rh_lateralorbitofrontal_area",100,38,0
"MFP","M","area","rh_lingual_area",100,38,0
"MFP","M","area","rh_medialorbitofrontal_area",100,38,0
"MFP","M","area","rh_middletemporal_area",100,38,0
"MFP","M","area","rh_parahippocampal_area",100,38,0
"MFP","M","area","rh_paracentral_area",100,38,0
"MFP","M","area","rh_parsopercularis_area",100,38,0
"MFP","M","area","rh_parsorbitalis_area",100,38,0
"MFP","M","area","rh_parstriangularis_area",100,38,0
"MFP","M","area","rh_pericalcarine_area",100,38,0
"MFP","M","area","rh_postcentral_area",100,38,0
"MFP","M","area","rh_posteriorcingulate_area",100,38,0
"MFP","M","area","rh_precentral_area",100,38,0
"MFP","M","area","rh_precuneus_area",100,38,0
"MFP","M","area","rh_rostralanteriorcingulate_area",100,38,0
"MFP","M","area","rh_rostralmiddlefrontal_area",100,38,0
"MFP","M","area","rh_superiorfrontal_area",100,38,0
"MFP","M","area","rh_superiorparietal_area",100,38,0
"MFP","M","area","rh_superiortemporal_area",100,38,0
"MFP","M","area","rh_supramarginal_area",100,38,0
"MFP","M","area","rh_frontalpole_area",100,38,0
"MFP","M","area","rh_temporalpole_area",100,38,0
"MFP","M","area","rh_transversetemporal_area",100,38,0
"MFP","M","area","rh_insula_area",100,38,0
"MFP","F","subcortical","Left-Thalamus",10,10,255.002903454097
"MFP","F","subcortical","Right-Thalamus",10,10,204.589618847383
"MFP","F","subcortical","Left-Caudate",10,10,99.102368562323
"MFP","F","subcortical","Right-Caudate",10,10,99.0111290741315
"MFP","F","subcortical","Left-Putamen",10,10,145.850725747917
"MFP","F","subcortical","Right-Putamen",10,10,132.348632853385
"MFP","F","subcortical","Left-Pallidum",10,10,63.8260963553882
"MFP","F","subcortical","Right-Pallidum",10,10,74.890548039757
"MFP","F","subcortical","Left-Hippocampus",10,10,95.2501253452848
"MFP","F","subcortical","Right-Hippocampus",10,10,129.739045740944
"MFP","F","subcortical","Left-Amygdala",10,10,58.8280517392657
"MFP","F","subcortical","Right-Amygdala",10,10,53.8010971365383
"MFP","F","subcortical","Left-Accumbens-area",10,10,31.3184099510288
"MFP","F","subcortical","Right-Accumbens-area",10,10,26.7174934930094
"MFP","F","subcortical","Left-Thalamus",20,20,174.318841637227
"MFP","F","subcortical","Right-Thalamus",20,20,136.128361667731
"MFP","F","subcortical","Left-Caudate",20,20,63.9125756329637
"MFP","F","subcortical","Right-Caudate",20,20,63.5255712350284
"MFP","F","subcortical","Left-Putamen",20,20,93.5081953319885
"MFP","F","subcortical","Right-Putamen",20,20,93.1182928003431
"MFP","F","subcortical","Left-Pallidum",20,20,46.1015096500117
"MFP","F","subcortical","Right-Pallidum",20,20,54.6767896072516
"MFP","F","subcortical","Left-Hippocampus",20,20,59.5540627658228
"MFP","F","subcortical","Right-Hippocampus",20,20,78.1342932319141
"MFP","F","subcortical","Left-Amygdala",20,20,34.4010305470012
"MFP","F","subcortical","Right-Amygdala",20,20,35.2598314311861
"MFP","F","subcortical","Left-Accumbens-area",20,20,24.7401755292878
"MFP","F","subcortical","Right-Accumbens-area",20,20,20.6051595902666
"MFP","F","subcortical","Left-Thalamus",30,30,129.319342566276
"MFP","F","subcortical","Right-Thalamus",30,30,105.767140488822
"MFP","F","subcortical","Left-Caudate",30,30,52.5843710951977
"MFP","F","subcortical","Right-Caudate",30,30,51.3262444593877
"MFP","F","subcortical","Left-Putamen",30,30,60.9642360375321
"MFP","F","subcortical","Right-Putamen",30,30,55.223085918531
"MFP","F","subcortical","Left-Pallidum",30,30,29.2533257715258
"MFP","F","subcortical","Right-Pallidum",30,30,34.2923370917645
"MFP","F","subcortical","Left-Hippocampus",30,30,42.7596333196359
"MFP","F","subcortical","Right-Hippocampus",30,30,48.9709948332201
"MFP","F","subcortical","Left-Amygdala",30,30,23.7073998610447
"MFP","F","subcortical","Right-Amygdala",30,30,23.4334028594056
"MFP","F","subcortical","Left-Accumbens-area",30,30,16.4005393885561
"MFP","F","subcortical","Right-Accumbens-area",30,30,14.8348108418281
"MFP","F","subcortical","Left-Thalamus",50,50,58.0904061050482
"MFP","F","subcortical","Right-Thalamus",50,50,48.885385708342
"MFP","F","subcortical","Left-Caudate",50,50,24.6883128236088
"MFP","F","subcortical","Right-Caudate",50,50,22.9346493527338
"MFP","F","subcortical","Left-Putamen",50,50,30.8558349199037
"MFP","F","subcortical","Right-Putamen",50,50,28.8916801752335
"MFP","F","subcortical","Left-Pallidum",50,50,15.3176538763291
"MFP","F","subcortical","Right-Pallidum",50,50,17.7343420482438
"MFP","F","subcortical","Left-Hippocampus",50,50,22.9841817976423
"MFP","F","subcortical","Right-Hippocampus",50,50,26.1621499914101
"MFP","F","subcortical","Left-Amygdala",50,50,10.6976433424621
"MFP","F","subcortical","Right-Amygdala",50,50,11.2163917336527
"MFP","F","subcortical","Left-Accumbens-area",50,50,7.01668699961888
"MFP","F","subcortical","Right-Accumbens-area",50,50,6.42348076174993
"MFP","F","subcortical","Left-Thalamus",75,62,0
"MFP","F","subcortical","Right-Thalamus",75,62,0
"MFP","F","subcortical","Left-Caudate",75,62,0
"MFP","F","subcortical","Right-Caudate",75,62,0
"MFP","F","subcortical","Left-Putamen",75,62,0
"MFP","F","subcortical","Right-Putamen",75,62,0
"MFP","F","subcortical","Left-Pallidum",75,62,0
"MFP","F","subcortical","Right-Pallidum",75,62,0
"MFP","F","subcortical","Left-Hippocampus",75,62,0
"MFP","F","subcortical","Right-Hippocampus",75,62,0
"MFP","F","subcortical","Left-Amygdala",75,62,0
"MFP","F","subcortical","Right-Amygdala",75,62,0
"MFP","F","subcortical","Left-Accumbens-area",75,62,0
"MFP","F","subcortical","Right-Accumbens-area",75,62,0
"MFP","F","subcortical","Left-Thalamus",100,62,0
"MFP","F","subcortical","Right-Thalamus",100,62,0
"MFP","F","subcortical","Left-Caudate",100,62,0
"MFP","F","subcortical","Right-Caudate",100,62,0
"MFP","F","subcortical","Left-Putamen",100,62,0
"MFP","F","subcortical","Right-Putamen",100,62,0
"MFP","F","subcortical","Left-Pallidum",100,62,0
"MFP","F","subcortical","Right-Pallidum",100,62,0
"MFP","F","subcortical","Left-Hippocampus",100,62,0
"MFP","F","subcortical","Right-Hippocampus",100,62,0
"MFP","F","subcortical","Left-Amygdala",100,62,0
"MFP","F","subcortical","Right-Amygdala",100,62,0
"MFP","F","subcortical","Left-Accumbens-area",100,62,0
"MFP","F","subcortical","Right-Accumbens-area",100,62,0
"MFP","M","subcortical","Left-Thalamus",10,10,214.451472698044
"MFP","M","subcortical","Right-Thalamus",10,10,226.060992916683
"MFP","M","subcortical","Left-Caudate",10,10,96.8413822856667
"MFP","M","subcortical","Right-Caudate",10,10,103.435296999811
"MFP","M","subcortical","Left-Putamen",10,10,132.545272049311
"MFP","M","subcortical","Right-Putamen",10,10,133.283559709618
"MFP","M","subcortical","Left-Pallidum",10,10,57.7249190609161
"MFP","M","subcortical","Right-Pallidum",10,10,60.370924588056
"MFP","M","subcortical","Left-Hippocampus",10,10,85.5370739130333
"MFP","M","subcortical","Right-Hippocampus",10,10,86.7281382348389
"MFP","M","subcortical","Left-Amygdala",10,10,47.9720655960225
"MFP","M","subcortical","Right-Amygdala",10,10,45.7341367973447
"MFP","M","subcortical","Left-Accumbens-area",10,10,30.0506511428085
"MFP","M","subcortical","Right-Accumbens-area",10,10,25.4105808923575
"MFP","M","subcortical","Left-Thalamus",20,20,112.878718706992
"MFP","M","subcortical","Right-Thalamus",20,20,118.770822858877
"MFP","M","subcortical","Left-Caudate",20,20,56.1468007639318
"MFP","M","subcortical","Right-Caudate",20,20,61.5703147574187
"MFP","M","subcortical","Left-Putamen",20,20,79.4272533155814
"MFP","M","subcortical","Right-Putamen",20,20,73.7747682959529
"MFP","M","subcortical","Left-Pallidum",20,20,32.0361640181419
"MFP","M","subcortical","Right-Pallidum",20,20,29.7677285348951
"MFP","M","subcortical","Left-Hippocampus",20,20,46.3371746161406
"MFP","M","subcortical","Right-Hippocampus",20,20,47.1106183626081
"MFP","M","subcortical","Left-Amygdala",20,20,28.5352557294531
"MFP","M","subcortical","Right-Amygdala",20,20,28.4910156616979
"MFP","M","subcortical","Left-Accumbens-area",20,20,17.0266790640681
"MFP","M","subcortical","Right-Accumbens-area",20,20,14.1477432666324
"MFP","M","subcortical","Left-Thalamus",30,30,61.8639505243818
"MFP","M","subcortical","Right-Thalamus",30,30,65.9142286238861
"MFP","M","subcortical","Left-Caudate",30,30,31.5594074869327
"MFP","M","subcortical","Right-Caudate",30,30,31.3935209186191
"MFP","M","subcortical","Left-Putamen",30,30,43.2241539070814
"MFP","M","subcortical","Right-Putamen",30,30,42.018457428916
"MFP","M","subcortical","Left-Pallidum",30,30,15.7717469158891
"MFP","M","subcortical","Right-Pallidum",30,30,16.5335734309379
"MFP","M","subcortical","Left-Hippocampus",30,30,25.2923622609524
"MFP","M","subcortical","Right-Hippocampus",30,30,23.810899638077
"MFP","M","subcortical","Left-Amygdala",30,30,15.3611784285005
"MFP","M","subcortical","Right-Amygdala",30,30,14.2161640316894
"MFP","M","subcortical","Left-Accumbens-area",30,30,10.037150232929
"MFP","M","subcortical","Right-Accumbens-area",30,30,8.31286753232758
"MFP","M","subcortical","Left-Thalamus",50,38,0
"MFP","M","subcortical","Right-Thalamus",50,38,0
"MFP","M","subcortical","Left-Caudate",50,38,0
"MFP","M","subcortical","Right-Caudate",50,38,0
"MFP","M","subcortical","Left-Putamen",50,38,0
"MFP","M","subcortical","Right-Putamen",50,38,0
"MFP","M","subcortical","Left-Pallidum",50,38,0
"MFP","M","subcortical","Right-Pallidum",50,38,0
"MFP","M","subcortical","Left-Hippocampus",50,38,0
"MFP","M","subcortical","Right-Hippocampus",50,38,0
"MFP","M","subcortical","Left-Amygdala",50,38,0
"MFP","M","subcortical","Right-Amygdala",50,38,0
"MFP","M","subcortical","Left-Accumbens-area",50,38,0
"MFP","M","subcortical","Right-Accumbens-area",50,38,0
"MFP","M","subcortical","Left-Thalamus",75,38,0
"MFP","M","subcortical","Right-Thalamus",75,38,0
"MFP","M","subcortical","Left-Caudate",75,38,0
"MFP","M","subcortical","Right-Caudate",75,38,0
"MFP","M","subcortical","Left-Putamen",75,38,0
"MFP","M","subcortical","Right-Putamen",75,38,0
"MFP","M","subcortical","Left-Pallidum",75,38,0
"MFP","M","subcortical","Right-Pallidum",75,38,0
"MFP","M","subcortical","Left-Hippocampus",75,38,0
"MFP","M","subcortical","Right-Hippocampus",75,38,0
"MFP","M","subcortical","Left-Amygdala",75,38,0
"MFP","M","subcortical","Right-Amygdala",75,38,0
"MFP","M","subcortical","Left-Accumbens-area",75,38,0
"MFP","M","subcortical","Right-Accumbens-area",75,38,0
"MFP","M","subcortical","Left-Thalamus",100,38,0
"MFP","M","subcortical","Right-Thalamus",100,38,0
"MFP","M","subcortical","Left-Caudate",100,38,0
"MFP","M","subcortical","Right-Caudate",100,38,0
"MFP","M","subcortical","Left-Putamen",100,38,0
"MFP","M","subcortical","Right-Putamen",100,38,0
"MFP","M","subcortical","Left-Pallidum",100,38,0
"MFP","M","subcortical","Right-Pallidum",100,38,0
"MFP","M","subcortical","Left-Hippocampus",100,38,0
"MFP","M","subcortical","Right-Hippocampus",100,38,0
"MFP","M","subcortical","Left-Amygdala",100,38,0
"MFP","M","subcortical","Right-Amygdala",100,38,0
"MFP","M","subcortical","Left-Accumbens-area",100,38,0
"MFP","M","subcortical","Right-Accumbens-area",100,38,0
"GAMLSS","F","thickness","lh_bankssts_thickness",10,10,0.280994176367175
"GAMLSS","F","thickness","lh_caudalanteriorcingulate_thickness",10,10,0.24536817515449
"GAMLSS","F","thickness","lh_caudalmiddlefrontal_thickness",10,10,0.267118941951104
"GAMLSS","F","thickness","lh_cuneus_thickness",10,10,0.333963045738509
"GAMLSS","F","thickness","lh_entorhinal_thickness",10,10,0.300429236047414
"GAMLSS","F","thickness","lh_fusiform_thickness",10,10,0.281946096961691
"GAMLSS","F","thickness","lh_inferiorparietal_thickness",10,10,0.314086228543274
"GAMLSS","F","thickness","lh_inferiortemporal_thickness",10,10,0.29587023386811
"GAMLSS","F","thickness","lh_isthmuscingulate_thickness",10,10,0.306185528674236
"GAMLSS","F","thickness","lh_lateraloccipital_thickness",10,10,0.303646739945078
"GAMLSS","F","thickness","lh_lateralorbitofrontal_thickness",10,10,0.398346312677193
"GAMLSS","F","thickness","lh_lingual_thickness",10,10,0.315193578780681
"GAMLSS","F","thickness","lh_medialorbitofrontal_thickness",10,10,0.428819720746535
"GAMLSS","F","thickness","lh_middletemporal_thickness",10,10,0.241919301356548
"GAMLSS","F","thickness","lh_parahippocampal_thickness",10,10,0.29436305084157
"GAMLSS","F","thickness","lh_paracentral_thickness",10,10,0.298004064382414
"GAMLSS","F","thickness","lh_parsopercularis_thickness",10,10,0.30430124060315
"GAMLSS","F","thickness","lh_parsorbitalis_thickness",10,10,0.248202179005235
"GAMLSS","F","thickness","lh_parstriangularis_thickness",10,10,0.206262437898969
"GAMLSS","F","thickness","lh_pericalcarine_thickness",10,10,0.31150251155714
"GAMLSS","F","thickness","lh_postcentral_thickness",10,10,0.267826093129095
"GAMLSS","F","thickness","lh_posteriorcingulate_thickness",10,10,0.260045635136406
"GAMLSS","F","thickness","lh_precentral_thickness",10,10,0.274734923685637
"GAMLSS","F","thickness","lh_precuneus_thickness",10,10,0.224464177168969
"GAMLSS","F","thickness","lh_rostralanteriorcingulate_thickness",10,10,0.271150888466156
"GAMLSS","F","thickness","lh_rostralmiddlefrontal_thickness",10,10,0.295970123326342
"GAMLSS","F","thickness","lh_superiorfrontal_thickness",10,10,0.289199295528347
"GAMLSS","F","thickness","lh_superiorparietal_thickness",10,10,0.277448659791533
"GAMLSS","F","thickness","lh_superiortemporal_thickness",10,10,0.238248175177266
"GAMLSS","F","thickness","lh_supramarginal_thickness",10,10,0.255896946141426
"GAMLSS","F","thickness","lh_frontalpole_thickness",10,10,0.417975781263773
"GAMLSS","F","thickness","lh_temporalpole_thickness",10,10,0.278459105508651
"GAMLSS","F","thickness","lh_transversetemporal_thickness",10,10,0.295228422836689
"GAMLSS","F","thickness","lh_insula_thickness",10,10,0.30546962014234
"GAMLSS","F","thickness","rh_bankssts_thickness",10,10,0.376905033458117
"GAMLSS","F","thickness","rh_caudalanteriorcingulate_thickness",10,10,0.324184061267192
"GAMLSS","F","thickness","rh_caudalmiddlefrontal_thickness",10,10,0.225824622639992
"GAMLSS","F","thickness","rh_cuneus_thickness",10,10,0.307249279388503
"GAMLSS","F","thickness","rh_entorhinal_thickness",10,10,0.29892438255832
"GAMLSS","F","thickness","rh_fusiform_thickness",10,10,0.300869124347749
"GAMLSS","F","thickness","rh_inferiorparietal_thickness",10,10,0.246116221076717
"GAMLSS","F","thickness","rh_inferiortemporal_thickness",10,10,0.272249330961994
"GAMLSS","F","thickness","rh_isthmuscingulate_thickness",10,10,0.385453964995325
"GAMLSS","F","thickness","rh_lateraloccipital_thickness",10,10,0.292262816387073
"GAMLSS","F","thickness","rh_lateralorbitofrontal_thickness",10,10,0.33439895595685
"GAMLSS","F","thickness","rh_lingual_thickness",10,10,0.361229074243982
"GAMLSS","F","thickness","rh_medialorbitofrontal_thickness",10,10,0.375475776779868
"GAMLSS","F","thickness","rh_middletemporal_thickness",10,10,0.271278497833827
"GAMLSS","F","thickness","rh_parahippocampal_thickness",10,10,0.299659282026485
"GAMLSS","F","thickness","rh_paracentral_thickness",10,10,0.297323774758615
"GAMLSS","F","thickness","rh_parsopercularis_thickness",10,10,0.247873950028758
"GAMLSS","F","thickness","rh_parsorbitalis_thickness",10,10,0.280471742255437
"GAMLSS","F","thickness","rh_parstriangularis_thickness",10,10,0.250317683593696
"GAMLSS","F","thickness","rh_pericalcarine_thickness",10,10,0.354722074435377
"GAMLSS","F","thickness","rh_postcentral_thickness",10,10,0.213208723076618
"GAMLSS","F","thickness","rh_posteriorcingulate_thickness",10,10,0.293837821745964
"GAMLSS","F","thickness","rh_precentral_thickness",10,10,0.252321814066199
"GAMLSS","F","thickness","rh_precuneus_thickness",10,10,0.255389449335299
"GAMLSS","F","thickness","rh_rostralanteriorcingulate_thickness",10,10,0.310492854596098
"GAMLSS","F","thickness","rh_rostralmiddlefrontal_thickness",10,10,0.324987085434237
"GAMLSS","F","thickness","rh_superiorfrontal_thickness",10,10,0.26569281649111
"GAMLSS","F","thickness","rh_superiorparietal_thickness",10,10,0.250077692130577
"GAMLSS","F","thickness","rh_superiortemporal_thickness",10,10,0.276449619523948
"GAMLSS","F","thickness","rh_supramarginal_thickness",10,10,0.235021803460715
"GAMLSS","F","thickness","rh_frontalpole_thickness",10,10,0.344605424401984
"GAMLSS","F","thickness","rh_temporalpole_thickness",10,10,0.246905744812968
"GAMLSS","F","thickness","rh_transversetemporal_thickness",10,10,0.301327795274539
"GAMLSS","F","thickness","rh_insula_thickness",10,10,0.3137279612041
"GAMLSS","F","thickness","lh_bankssts_thickness",20,20,0.169422817651416
"GAMLSS","F","thickness","lh_caudalanteriorcingulate_thickness",20,20,0.178961115207946
"GAMLSS","F","thickness","lh_caudalmiddlefrontal_thickness",20,20,0.16276325787965
"GAMLSS","F","thickness","lh_cuneus_thickness",20,20,0.202682882868427
"GAMLSS","F","thickness","lh_entorhinal_thickness",20,20,0.18661167028685
"GAMLSS","F","thickness","lh_fusiform_thickness",20,20,0.197063054190453
"GAMLSS","F","thickness","lh_inferiorparietal_thickness",20,20,0.192596115593209
"GAMLSS","F","thickness","lh_inferiortemporal_thickness",20,20,0.168704184288118
"GAMLSS","F","thickness","lh_isthmuscingulate_thickness",20,20,0.190230722984358
"GAMLSS","F","thickness","lh_lateraloccipital_thickness",20,20,0.211491230415984
"GAMLSS","F","thickness","lh_lateralorbitofrontal_thickness",20,20,0.232660266971385
"GAMLSS","F","thickness","lh_lingual_thickness",20,20,0.215732587821005
"GAMLSS","F","thickness","lh_medialorbitofrontal_thickness",20,20,0.249730691021438
"GAMLSS","F","thickness","lh_middletemporal_thickness",20,20,0.164129981623402
"GAMLSS","F","thickness","lh_parahippocampal_thickness",20,20,0.21699883458114
"GAMLSS","F","thickness","lh_paracentral_thickness",20,20,0.179694002413552
"GAMLSS","F","thickness","lh_parsopercularis_thickness",20,20,0.194466453042869
"GAMLSS","F","thickness","lh_parsorbitalis_thickness",20,20,0.174891556927685
"GAMLSS","F","thickness","lh_parstriangularis_thickness",20,20,0.160760383543707
"GAMLSS","F","thickness","lh_pericalcarine_thickness",20,20,0.192328813300972
"GAMLSS","F","thickness","lh_postcentral_thickness",20,20,0.177420141823572
"GAMLSS","F","thickness","lh_posteriorcingulate_thickness",20,20,0.165949325518891
"GAMLSS","F","thickness","lh_precentral_thickness",20,20,0.179941045145264
"GAMLSS","F","thickness","lh_precuneus_thickness",20,20,0.126392966628493
"GAMLSS","F","thickness","lh_rostralanteriorcingulate_thickness",20,20,0.17072750955917
"GAMLSS","F","thickness","lh_rostralmiddlefrontal_thickness",20,20,0.188585757071231
"GAMLSS","F","thickness","lh_superiorfrontal_thickness",20,20,0.164617204403253
"GAMLSS","F","thickness","lh_superiorparietal_thickness",20,20,0.190718279927885
"GAMLSS","F","thickness","lh_superiortemporal_thickness",20,20,0.142333187294845
"GAMLSS","F","thickness","lh_supramarginal_thickness",20,20,0.166830634361248
"GAMLSS","F","thickness","lh_frontalpole_thickness",20,20,0.266331840205635
"GAMLSS","F","thickness","lh_temporalpole_thickness",20,20,0.182980678349465
"GAMLSS","F","thickness","lh_transversetemporal_thickness",20,20,0.180305966104843
"GAMLSS","F","thickness","lh_insula_thickness",20,20,0.197804388022358
"GAMLSS","F","thickness","rh_bankssts_thickness",20,20,0.223347937859889
"GAMLSS","F","thickness","rh_caudalanteriorcingulate_thickness",20,20,0.188929303773121
"GAMLSS","F","thickness","rh_caudalmiddlefrontal_thickness",20,20,0.142096642954611
"GAMLSS","F","thickness","rh_cuneus_thickness",20,20,0.177197681982002
"GAMLSS","F","thickness","rh_entorhinal_thickness",20,20,0.202565534775877
"GAMLSS","F","thickness","rh_fusiform_thickness",20,20,0.218830160537636
"GAMLSS","F","thickness","rh_inferiorparietal_thickness",20,20,0.164970913801355
"GAMLSS","F","thickness","rh_inferiortemporal_thickness",20,20,0.174168603111226
"GAMLSS","F","thickness","rh_isthmuscingulate_thickness",20,20,0.207430468945552
"GAMLSS","F","thickness","rh_lateraloccipital_thickness",20,20,0.183039784293811
"GAMLSS","F","thickness","rh_lateralorbitofrontal_thickness",20,20,0.205987814104243
"GAMLSS","F","thickness","rh_lingual_thickness",20,20,0.236064926472532
"GAMLSS","F","thickness","rh_medialorbitofrontal_thickness",20,20,0.183676892973694
"GAMLSS","F","thickness","rh_middletemporal_thickness",20,20,0.177586337581969
"GAMLSS","F","thickness","rh_parahippocampal_thickness",20,20,0.204004620345266
"GAMLSS","F","thickness","rh_paracentral_thickness",20,20,0.166386787171148
"GAMLSS","F","thickness","rh_parsopercularis_thickness",20,20,0.159549491849034
"GAMLSS","F","thickness","rh_parsorbitalis_thickness",20,20,0.187844170847567
"GAMLSS","F","thickness","rh_parstriangularis_thickness",20,20,0.158173261527531
"GAMLSS","F","thickness","rh_pericalcarine_thickness",20,20,0.259278442175516
"GAMLSS","F","thickness","rh_postcentral_thickness",20,20,0.151862668376498
"GAMLSS","F","thickness","rh_posteriorcingulate_thickness",20,20,0.216305970589268
"GAMLSS","F","thickness","rh_precentral_thickness",20,20,0.164913072239231
"GAMLSS","F","thickness","rh_precuneus_thickness",20,20,0.155879251038245
"GAMLSS","F","thickness","rh_rostralanteriorcingulate_thickness",20,20,0.204746517387491
"GAMLSS","F","thickness","rh_rostralmiddlefrontal_thickness",20,20,0.203700353505203
"GAMLSS","F","thickness","rh_superiorfrontal_thickness",20,20,0.177600747193033
"GAMLSS","F","thickness","rh_superiorparietal_thickness",20,20,0.147229947503175
"GAMLSS","F","thickness","rh_superiortemporal_thickness",20,20,0.141502056235315
"GAMLSS","F","thickness","rh_supramarginal_thickness",20,20,0.15768878376225
"GAMLSS","F","thickness","rh_frontalpole_thickness",20,20,0.238127164732707
"GAMLSS","F","thickness","rh_temporalpole_thickness",20,20,0.173990376554505
"GAMLSS","F","thickness","rh_transversetemporal_thickness",20,20,0.201624312451862
"GAMLSS","F","thickness","rh_insula_thickness",20,20,0.181078789218116
"GAMLSS","F","thickness","lh_bankssts_thickness",30,30,0.12744223161768
"GAMLSS","F","thickness","lh_caudalanteriorcingulate_thickness",30,30,0.126447357361258
"GAMLSS","F","thickness","lh_caudalmiddlefrontal_thickness",30,30,0.12000093561148
"GAMLSS","F","thickness","lh_cuneus_thickness",30,30,0.114931312191217
"GAMLSS","F","thickness","lh_entorhinal_thickness",30,30,0.123109210373683
"GAMLSS","F","thickness","lh_fusiform_thickness",30,30,0.132385971720436
"GAMLSS","F","thickness","lh_inferiorparietal_thickness",30,30,0.133228906739362
"GAMLSS","F","thickness","lh_inferiortemporal_thickness",30,30,0.123940189173769
"GAMLSS","F","thickness","lh_isthmuscingulate_thickness",30,30,0.134754502248514
"GAMLSS","F","thickness","lh_lateraloccipital_thickness",30,30,0.13944706947707
"GAMLSS","F","thickness","lh_lateralorbitofrontal_thickness",30,30,0.164242916274952
"GAMLSS","F","thickness","lh_lingual_thickness",30,30,0.147892056078928
"GAMLSS","F","thickness","lh_medialorbitofrontal_thickness",30,30,0.176804679616906
"GAMLSS","F","thickness","lh_middletemporal_thickness",30,30,0.0930095669734369
"GAMLSS","F","thickness","lh_parahippocampal_thickness",30,30,0.15183815999757
"GAMLSS","F","thickness","lh_paracentral_thickness",30,30,0.125455991889905
"GAMLSS","F","thickness","lh_parsopercularis_thickness",30,30,0.125866717138461
"GAMLSS","F","thickness","lh_parsorbitalis_thickness",30,30,0.125462511158563
"GAMLSS","F","thickness","lh_parstriangularis_thickness",30,30,0.120027357332958
"GAMLSS","F","thickness","lh_pericalcarine_thickness",30,30,0.121545562952897
"GAMLSS","F","thickness","lh_postcentral_thickness",30,30,0.134961374097551
"GAMLSS","F","thickness","lh_posteriorcingulate_thickness",30,30,0.119995979723538
"GAMLSS","F","thickness","lh_precentral_thickness",30,30,0.113267303100015
"GAMLSS","F","thickness","lh_precuneus_thickness",30,30,0.112374733716905
"GAMLSS","F","thickness","lh_rostralanteriorcingulate_thickness",30,30,0.116687756880704
"GAMLSS","F","thickness","lh_rostralmiddlefrontal_thickness",30,30,0.129027258754436
"GAMLSS","F","thickness","lh_superiorfrontal_thickness",30,30,0.136080463125402
"GAMLSS","F","thickness","lh_superiorparietal_thickness",30,30,0.118702251827203
"GAMLSS","F","thickness","lh_superiortemporal_thickness",30,30,0.10549769258125
"GAMLSS","F","thickness","lh_supramarginal_thickness",30,30,0.120362911771747
"GAMLSS","F","thickness","lh_frontalpole_thickness",30,30,0.192369430169106
"GAMLSS","F","thickness","lh_temporalpole_thickness",30,30,0.130238943572779
"GAMLSS","F","thickness","lh_transversetemporal_thickness",30,30,0.135319600992608
"GAMLSS","F","thickness","lh_insula_thickness",30,30,0.129017384701897
"GAMLSS","F","thickness","rh_bankssts_thickness",30,30,0.182984661396046
"GAMLSS","F","thickness","rh_caudalanteriorcingulate_thickness",30,30,0.142616351888062
"GAMLSS","F","thickness","rh_caudalmiddlefrontal_thickness",30,30,0.0997400831934297
"GAMLSS","F","thickness","rh_cuneus_thickness",30,30,0.126864539270464
"GAMLSS","F","thickness","rh_entorhinal_thickness",30,30,0.147257518799605
"GAMLSS","F","thickness","rh_fusiform_thickness",30,30,0.149712916710926
"GAMLSS","F","thickness","rh_inferiorparietal_thickness",30,30,0.116823995474991
"GAMLSS","F","thickness","rh_inferiortemporal_thickness",30,30,0.124677940330232
"GAMLSS","F","thickness","rh_isthmuscingulate_thickness",30,30,0.144822384585344
"GAMLSS","F","thickness","rh_lateraloccipital_thickness",30,30,0.116937262562268
"GAMLSS","F","thickness","rh_lateralorbitofrontal_thickness",30,30,0.130920807755302
"GAMLSS","F","thickness","rh_lingual_thickness",30,30,0.156800125057995
"GAMLSS","F","thickness","rh_medialorbitofrontal_thickness",30,30,0.153141759669344
"GAMLSS","F","thickness","rh_middletemporal_thickness",30,30,0.120626479981593
"GAMLSS","F","thickness","rh_parahippocampal_thickness",30,30,0.152053885804468
"GAMLSS","F","thickness","rh_paracentral_thickness",30,30,0.115324917015949
"GAMLSS","F","thickness","rh_parsopercularis_thickness",30,30,0.107329875206037
"GAMLSS","F","thickness","rh_parsorbitalis_thickness",30,30,0.126408859599182
"GAMLSS","F","thickness","rh_parstriangularis_thickness",30,30,0.130849615788614
"GAMLSS","F","thickness","rh_pericalcarine_thickness",30,30,0.155571010304388
"GAMLSS","F","thickness","rh_postcentral_thickness",30,30,0.118261431355166
"GAMLSS","F","thickness","rh_posteriorcingulate_thickness",30,30,0.123566430152804
"GAMLSS","F","thickness","rh_precentral_thickness",30,30,0.106757307003923
"GAMLSS","F","thickness","rh_precuneus_thickness",30,30,0.12474396842561
"GAMLSS","F","thickness","rh_rostralanteriorcingulate_thickness",30,30,0.141303380842339
"GAMLSS","F","thickness","rh_rostralmiddlefrontal_thickness",30,30,0.146009356648849
"GAMLSS","F","thickness","rh_superiorfrontal_thickness",30,30,0.124382751749533
"GAMLSS","F","thickness","rh_superiorparietal_thickness",30,30,0.0995991791053056
"GAMLSS","F","thickness","rh_superiortemporal_thickness",30,30,0.118505082800397
"GAMLSS","F","thickness","rh_supramarginal_thickness",30,30,0.11407660074489
"GAMLSS","F","thickness","rh_frontalpole_thickness",30,30,0.163778182912015
"GAMLSS","F","thickness","rh_temporalpole_thickness",30,30,0.108745793560393
"GAMLSS","F","thickness","rh_transversetemporal_thickness",30,30,0.121361431797915
"GAMLSS","F","thickness","rh_insula_thickness",30,30,0.123692642914857
"GAMLSS","F","thickness","lh_bankssts_thickness",50,50,0.0593804740340262
"GAMLSS","F","thickness","lh_caudalanteriorcingulate_thickness",50,50,0.0618169105379651
"GAMLSS","F","thickness","lh_caudalmiddlefrontal_thickness",50,50,0.0529934911643975
"GAMLSS","F","thickness","lh_cuneus_thickness",50,50,0.0659486846379676
"GAMLSS","F","thickness","lh_entorhinal_thickness",50,50,0.0688551554942397
"GAMLSS","F","thickness","lh_fusiform_thickness",50,50,0.0679331721636216
"GAMLSS","F","thickness","lh_inferiorparietal_thickness",50,50,0.0737928978731648
"GAMLSS","F","thickness","lh_inferiortemporal_thickness",50,50,0.0620649099822242
"GAMLSS","F","thickness","lh_isthmuscingulate_thickness",50,50,0.0688195449962911
"GAMLSS","F","thickness","lh_lateraloccipital_thickness",50,50,0.0663640762987834
"GAMLSS","F","thickness","lh_lateralorbitofrontal_thickness",50,50,0.0896749378745426
"GAMLSS","F","thickness","lh_lingual_thickness",50,50,0.0690691035082655
"GAMLSS","F","thickness","lh_medialorbitofrontal_thickness",50,50,0.0918215939093522
"GAMLSS","F","thickness","lh_middletemporal_thickness",50,50,0.0527545852009389
"GAMLSS","F","thickness","lh_parahippocampal_thickness",50,50,0.0694765302399918
"GAMLSS","F","thickness","lh_paracentral_thickness",50,50,0.0660470163235497
"GAMLSS","F","thickness","lh_parsopercularis_thickness",50,50,0.0645842319202226
"GAMLSS","F","thickness","lh_parsorbitalis_thickness",50,50,0.0598966669647059
"GAMLSS","F","thickness","lh_parstriangularis_thickness",50,50,0.0539758370366522
"GAMLSS","F","thickness","lh_pericalcarine_thickness",50,50,0.0737787840600602
"GAMLSS","F","thickness","lh_postcentral_thickness",50,50,0.0666077363187512
"GAMLSS","F","thickness","lh_posteriorcingulate_thickness",50,50,0.0628523800782586
"GAMLSS","F","thickness","lh_precentral_thickness",50,50,0.0621815737568873
"GAMLSS","F","thickness","lh_precuneus_thickness",50,50,0.0553173571641795
"GAMLSS","F","thickness","lh_rostralanteriorcingulate_thickness",50,50,0.0607598882786791
"GAMLSS","F","thickness","lh_rostralmiddlefrontal_thickness",50,50,0.072485272142697
"GAMLSS","F","thickness","lh_superiorfrontal_thickness",50,50,0.0656069281609766
"GAMLSS","F","thickness","lh_superiorparietal_thickness",50,50,0.0657916800342573
"GAMLSS","F","thickness","lh_superiortemporal_thickness",50,50,0.0537986726767897
"GAMLSS","F","thickness","lh_supramarginal_thickness",50,50,0.0570659853208467
"GAMLSS","F","thickness","lh_frontalpole_thickness",50,50,0.0862579242930937
"GAMLSS","F","thickness","lh_temporalpole_thickness",50,50,0.0683899043143836
"GAMLSS","F","thickness","lh_transversetemporal_thickness",50,50,0.0589153200069699
"GAMLSS","F","thickness","lh_insula_thickness",50,50,0.0687288697383047
"GAMLSS","F","thickness","rh_bankssts_thickness",50,50,0.0887451815398048
"GAMLSS","F","thickness","rh_caudalanteriorcingulate_thickness",50,50,0.0818923212789397
"GAMLSS","F","thickness","rh_caudalmiddlefrontal_thickness",50,50,0.05456077899777
"GAMLSS","F","thickness","rh_cuneus_thickness",50,50,0.0636058988704788
"GAMLSS","F","thickness","rh_entorhinal_thickness",50,50,0.0728187986928724
"GAMLSS","F","thickness","rh_fusiform_thickness",50,50,0.0808474907463354
"GAMLSS","F","thickness","rh_inferiorparietal_thickness",50,50,0.0620159201232976
"GAMLSS","F","thickness","rh_inferiortemporal_thickness",50,50,0.0561953294096048
"GAMLSS","F","thickness","rh_isthmuscingulate_thickness",50,50,0.0848200016022242
"GAMLSS","F","thickness","rh_lateraloccipital_thickness",50,50,0.0590473961358752
"GAMLSS","F","thickness","rh_lateralorbitofrontal_thickness",50,50,0.0732392476205299
"GAMLSS","F","thickness","rh_lingual_thickness",50,50,0.0761071138435347
"GAMLSS","F","thickness","rh_medialorbitofrontal_thickness",50,50,0.0712867971716515
"GAMLSS","F","thickness","rh_middletemporal_thickness",50,50,0.0607004097446767
"GAMLSS","F","thickness","rh_parahippocampal_thickness",50,50,0.0672503915457745
"GAMLSS","F","thickness","rh_paracentral_thickness",50,50,0.0602608633656746
"GAMLSS","F","thickness","rh_parsopercularis_thickness",50,50,0.0571804379543731
"GAMLSS","F","thickness","rh_parsorbitalis_thickness",50,50,0.0615967995056502
"GAMLSS","F","thickness","rh_parstriangularis_thickness",50,50,0.0601771147962492
"GAMLSS","F","thickness","rh_pericalcarine_thickness",50,50,0.0678166114091283
"GAMLSS","F","thickness","rh_postcentral_thickness",50,50,0.0575224271431965
"GAMLSS","F","thickness","rh_posteriorcingulate_thickness",50,50,0.0699492925350089
"GAMLSS","F","thickness","rh_precentral_thickness",50,50,0.0626713326865837
"GAMLSS","F","thickness","rh_precuneus_thickness",50,50,0.0574720148044997
"GAMLSS","F","thickness","rh_rostralanteriorcingulate_thickness",50,50,0.0672515129116373
"GAMLSS","F","thickness","rh_rostralmiddlefrontal_thickness",50,50,0.0755470913044653
"GAMLSS","F","thickness","rh_superiorfrontal_thickness",50,50,0.0610581205441169
"GAMLSS","F","thickness","rh_superiorparietal_thickness",50,50,0.0594061028275302
"GAMLSS","F","thickness","rh_superiortemporal_thickness",50,50,0.0600970701604597
"GAMLSS","F","thickness","rh_supramarginal_thickness",50,50,0.0602740076797257
"GAMLSS","F","thickness","rh_frontalpole_thickness",50,50,0.0762891065101932
"GAMLSS","F","thickness","rh_temporalpole_thickness",50,50,0.055813426919791
"GAMLSS","F","thickness","rh_transversetemporal_thickness",50,50,0.069113020619937
"GAMLSS","F","thickness","rh_insula_thickness",50,50,0.0652916303529381
"GAMLSS","F","thickness","lh_bankssts_thickness",75,62,0
"GAMLSS","F","thickness","lh_caudalanteriorcingulate_thickness",75,62,0
"GAMLSS","F","thickness","lh_caudalmiddlefrontal_thickness",75,62,0
"GAMLSS","F","thickness","lh_cuneus_thickness",75,62,0
"GAMLSS","F","thickness","lh_entorhinal_thickness",75,62,0
"GAMLSS","F","thickness","lh_fusiform_thickness",75,62,0
"GAMLSS","F","thickness","lh_inferiorparietal_thickness",75,62,0
"GAMLSS","F","thickness","lh_inferiortemporal_thickness",75,62,0
"GAMLSS","F","thickness","lh_isthmuscingulate_thickness",75,62,0
"GAMLSS","F","thickness","lh_lateraloccipital_thickness",75,62,0
"GAMLSS","F","thickness","lh_lateralorbitofrontal_thickness",75,62,0
"GAMLSS","F","thickness","lh_lingual_thickness",75,62,0
"GAMLSS","F","thickness","lh_medialorbitofrontal_thickness",75,62,0
"GAMLSS","F","thickness","lh_middletemporal_thickness",75,62,0
"GAMLSS","F","thickness","lh_parahippocampal_thickness",75,62,0
"GAMLSS","F","thickness","lh_paracentral_thickness",75,62,0
"GAMLSS","F","thickness","lh_parsopercularis_thickness",75,62,0
"GAMLSS","F","thickness","lh_parsorbitalis_thickness",75,62,0
"GAMLSS","F","thickness","lh_parstriangularis_thickness",75,62,0
"GAMLSS","F","thickness","lh_pericalcarine_thickness",75,62,0
"GAMLSS","F","thickness","lh_postcentral_thickness",75,62,0
"GAMLSS","F","thickness","lh_posteriorcingulate_thickness",75,62,0
"GAMLSS","F","thickness","lh_precentral_thickness",75,62,0
"GAMLSS","F","thickness","lh_precuneus_thickness",75,62,0
"GAMLSS","F","thickness","lh_rostralanteriorcingulate_thickness",75,62,0
"GAMLSS","F","thickness","lh_rostralmiddlefrontal_thickness",75,62,0
"GAMLSS","F","thickness","lh_superiorfrontal_thickness",75,62,0
"GAMLSS","F","thickness","lh_superiorparietal_thickness",75,62,0
"GAMLSS","F","thickness","lh_superiortemporal_thickness",75,62,0
"GAMLSS","F","thickness","lh_supramarginal_thickness",75,62,0
"GAMLSS","F","thickness","lh_frontalpole_thickness",75,62,0
"GAMLSS","F","thickness","lh_temporalpole_thickness",75,62,0
"GAMLSS","F","thickness","lh_transversetemporal_thickness",75,62,0
"GAMLSS","F","thickness","lh_insula_thickness",75,62,0
"GAMLSS","F","thickness","rh_bankssts_thickness",75,62,0
"GAMLSS","F","thickness","rh_caudalanteriorcingulate_thickness",75,62,0
"GAMLSS","F","thickness","rh_caudalmiddlefrontal_thickness",75,62,0
"GAMLSS","F","thickness","rh_cuneus_thickness",75,62,0
"GAMLSS","F","thickness","rh_entorhinal_thickness",75,62,0
"GAMLSS","F","thickness","rh_fusiform_thickness",75,62,0
"GAMLSS","F","thickness","rh_inferiorparietal_thickness",75,62,0
"GAMLSS","F","thickness","rh_inferiortemporal_thickness",75,62,0
"GAMLSS","F","thickness","rh_isthmuscingulate_thickness",75,62,0
"GAMLSS","F","thickness","rh_lateraloccipital_thickness",75,62,0
"GAMLSS","F","thickness","rh_lateralorbitofrontal_thickness",75,62,0
"GAMLSS","F","thickness","rh_lingual_thickness",75,62,0
"GAMLSS","F","thickness","rh_medialorbitofrontal_thickness",75,62,0
"GAMLSS","F","thickness","rh_middletemporal_thickness",75,62,0
"GAMLSS","F","thickness","rh_parahippocampal_thickness",75,62,0
"GAMLSS","F","thickness","rh_paracentral_thickness",75,62,0
"GAMLSS","F","thickness","rh_parsopercularis_thickness",75,62,0
"GAMLSS","F","thickness","rh_parsorbitalis_thickness",75,62,0
"GAMLSS","F","thickness","rh_parstriangularis_thickness",75,62,0
"GAMLSS","F","thickness","rh_pericalcarine_thickness",75,62,0
"GAMLSS","F","thickness","rh_postcentral_thickness",75,62,0
"GAMLSS","F","thickness","rh_posteriorcingulate_thickness",75,62,0
"GAMLSS","F","thickness","rh_precentral_thickness",75,62,0
"GAMLSS","F","thickness","rh_precuneus_thickness",75,62,0
"GAMLSS","F","thickness","rh_rostralanteriorcingulate_thickness",75,62,0
"GAMLSS","F","thickness","rh_rostralmiddlefrontal_thickness",75,62,0
"GAMLSS","F","thickness","rh_superiorfrontal_thickness",75,62,0
"GAMLSS","F","thickness","rh_superiorparietal_thickness",75,62,0
"GAMLSS","F","thickness","rh_superiortemporal_thickness",75,62,0
"GAMLSS","F","thickness","rh_supramarginal_thickness",75,62,0
"GAMLSS","F","thickness","rh_frontalpole_thickness",75,62,0
"GAMLSS","F","thickness","rh_temporalpole_thickness",75,62,0
"GAMLSS","F","thickness","rh_transversetemporal_thickness",75,62,0
"GAMLSS","F","thickness","rh_insula_thickness",75,62,0
"GAMLSS","F","thickness","lh_bankssts_thickness",100,62,0
"GAMLSS","F","thickness","lh_caudalanteriorcingulate_thickness",100,62,0
"GAMLSS","F","thickness","lh_caudalmiddlefrontal_thickness",100,62,0
"GAMLSS","F","thickness","lh_cuneus_thickness",100,62,0
"GAMLSS","F","thickness","lh_entorhinal_thickness",100,62,0
"GAMLSS","F","thickness","lh_fusiform_thickness",100,62,0
"GAMLSS","F","thickness","lh_inferiorparietal_thickness",100,62,0
"GAMLSS","F","thickness","lh_inferiortemporal_thickness",100,62,0
"GAMLSS","F","thickness","lh_isthmuscingulate_thickness",100,62,0
"GAMLSS","F","thickness","lh_lateraloccipital_thickness",100,62,0
"GAMLSS","F","thickness","lh_lateralorbitofrontal_thickness",100,62,0
"GAMLSS","F","thickness","lh_lingual_thickness",100,62,0
"GAMLSS","F","thickness","lh_medialorbitofrontal_thickness",100,62,0
"GAMLSS","F","thickness","lh_middletemporal_thickness",100,62,0
"GAMLSS","F","thickness","lh_parahippocampal_thickness",100,62,0
"GAMLSS","F","thickness","lh_paracentral_thickness",100,62,0
"GAMLSS","F","thickness","lh_parsopercularis_thickness",100,62,0
"GAMLSS","F","thickness","lh_parsorbitalis_thickness",100,62,0
"GAMLSS","F","thickness","lh_parstriangularis_thickness",100,62,0
"GAMLSS","F","thickness","lh_pericalcarine_thickness",100,62,0
"GAMLSS","F","thickness","lh_postcentral_thickness",100,62,0
"GAMLSS","F","thickness","lh_posteriorcingulate_thickness",100,62,0
"GAMLSS","F","thickness","lh_precentral_thickness",100,62,0
"GAMLSS","F","thickness","lh_precuneus_thickness",100,62,0
"GAMLSS","F","thickness","lh_rostralanteriorcingulate_thickness",100,62,0
"GAMLSS","F","thickness","lh_rostralmiddlefrontal_thickness",100,62,0
"GAMLSS","F","thickness","lh_superiorfrontal_thickness",100,62,0
"GAMLSS","F","thickness","lh_superiorparietal_thickness",100,62,0
"GAMLSS","F","thickness","lh_superiortemporal_thickness",100,62,0
"GAMLSS","F","thickness","lh_supramarginal_thickness",100,62,0
"GAMLSS","F","thickness","lh_frontalpole_thickness",100,62,0
"GAMLSS","F","thickness","lh_temporalpole_thickness",100,62,0
"GAMLSS","F","thickness","lh_transversetemporal_thickness",100,62,0
"GAMLSS","F","thickness","lh_insula_thickness",100,62,0
"GAMLSS","F","thickness","rh_bankssts_thickness",100,62,0
"GAMLSS","F","thickness","rh_caudalanteriorcingulate_thickness",100,62,0
"GAMLSS","F","thickness","rh_caudalmiddlefrontal_thickness",100,62,0
"GAMLSS","F","thickness","rh_cuneus_thickness",100,62,0
"GAMLSS","F","thickness","rh_entorhinal_thickness",100,62,0
"GAMLSS","F","thickness","rh_fusiform_thickness",100,62,0
"GAMLSS","F","thickness","rh_inferiorparietal_thickness",100,62,0
"GAMLSS","F","thickness","rh_inferiortemporal_thickness",100,62,0
"GAMLSS","F","thickness","rh_isthmuscingulate_thickness",100,62,0
"GAMLSS","F","thickness","rh_lateraloccipital_thickness",100,62,0
"GAMLSS","F","thickness","rh_lateralorbitofrontal_thickness",100,62,0
"GAMLSS","F","thickness","rh_lingual_thickness",100,62,0
"GAMLSS","F","thickness","rh_medialorbitofrontal_thickness",100,62,0
"GAMLSS","F","thickness","rh_middletemporal_thickness",100,62,0
"GAMLSS","F","thickness","rh_parahippocampal_thickness",100,62,0
"GAMLSS","F","thickness","rh_paracentral_thickness",100,62,0
"GAMLSS","F","thickness","rh_parsopercularis_thickness",100,62,0
"GAMLSS","F","thickness","rh_parsorbitalis_thickness",100,62,0
"GAMLSS","F","thickness","rh_parstriangularis_thickness",100,62,0
"GAMLSS","F","thickness","rh_pericalcarine_thickness",100,62,0
"GAMLSS","F","thickness","rh_postcentral_thickness",100,62,0
"GAMLSS","F","thickness","rh_posteriorcingulate_thickness",100,62,0
"GAMLSS","F","thickness","rh_precentral_thickness",100,62,0
"GAMLSS","F","thickness","rh_precuneus_thickness",100,62,0
"GAMLSS","F","thickness","rh_rostralanteriorcingulate_thickness",100,62,0
"GAMLSS","F","thickness","rh_rostralmiddlefrontal_thickness",100,62,0
"GAMLSS","F","thickness","rh_superiorfrontal_thickness",100,62,0
"GAMLSS","F","thickness","rh_superiorparietal_thickness",100,62,0
"GAMLSS","F","thickness","rh_superiortemporal_thickness",100,62,0
"GAMLSS","F","thickness","rh_supramarginal_thickness",100,62,0
"GAMLSS","F","thickness","rh_frontalpole_thickness",100,62,0
"GAMLSS","F","thickness","rh_temporalpole_thickness",100,62,0
"GAMLSS","F","thickness","rh_transversetemporal_thickness",100,62,0
"GAMLSS","F","thickness","rh_insula_thickness",100,62,0
"GAMLSS","M","thickness","lh_bankssts_thickness",10,10,0.291069117488257
"GAMLSS","M","thickness","lh_caudalanteriorcingulate_thickness",10,10,0.255359480589013
"GAMLSS","M","thickness","lh_caudalmiddlefrontal_thickness",10,10,0.25061399849325
"GAMLSS","M","thickness","lh_cuneus_thickness",10,10,0.250730109648568
"GAMLSS","M","thickness","lh_entorhinal_thickness",10,10,0.252032214488705
"GAMLSS","M","thickness","lh_fusiform_thickness",10,10,0.282667303766701
"GAMLSS","M","thickness","lh_inferiorparietal_thickness",10,10,0.257276353037869
"GAMLSS","M","thickness","lh_inferiortemporal_thickness",10,10,0.267968696769169
"GAMLSS","M","thickness","lh_isthmuscingulate_thickness",10,10,0.261681300370043
"GAMLSS","M","thickness","lh_lateraloccipital_thickness",10,10,0.223988901243208
"GAMLSS","M","thickness","lh_lateralorbitofrontal_thickness",10,10,0.336586305912127
"GAMLSS","M","thickness","lh_lingual_thickness",10,10,0.378952312771374
"GAMLSS","M","thickness","lh_medialorbitofrontal_thickness",10,10,0.285917746956922
"GAMLSS","M","thickness","lh_middletemporal_thickness",10,10,0.212133262928526
"GAMLSS","M","thickness","lh_parahippocampal_thickness",10,10,0.226697444936542
"GAMLSS","M","thickness","lh_paracentral_thickness",10,10,0.349594794405361
"GAMLSS","M","thickness","lh_parsopercularis_thickness",10,10,0.242009279833428
"GAMLSS","M","thickness","lh_parsorbitalis_thickness",10,10,0.238175995828188
"GAMLSS","M","thickness","lh_parstriangularis_thickness",10,10,0.240685894005418
"GAMLSS","M","thickness","lh_pericalcarine_thickness",10,10,0.379615129826325
"GAMLSS","M","thickness","lh_postcentral_thickness",10,10,0.269682466113563
"GAMLSS","M","thickness","lh_posteriorcingulate_thickness",10,10,0.246771147440313
"GAMLSS","M","thickness","lh_precentral_thickness",10,10,0.235550803189109
"GAMLSS","M","thickness","lh_precuneus_thickness",10,10,0.207152538082814
"GAMLSS","M","thickness","lh_rostralanteriorcingulate_thickness",10,10,0.281826099607113
"GAMLSS","M","thickness","lh_rostralmiddlefrontal_thickness",10,10,0.260974205251873
"GAMLSS","M","thickness","lh_superiorfrontal_thickness",10,10,0.269572410877132
"GAMLSS","M","thickness","lh_superiorparietal_thickness",10,10,0.245029275326193
"GAMLSS","M","thickness","lh_superiortemporal_thickness",10,10,0.223015274995763
"GAMLSS","M","thickness","lh_supramarginal_thickness",10,10,0.256195734939701
"GAMLSS","M","thickness","lh_frontalpole_thickness",10,10,0.291418309072092
"GAMLSS","M","thickness","lh_temporalpole_thickness",10,10,0.166096595692972
"GAMLSS","M","thickness","lh_transversetemporal_thickness",10,10,0.28929355536716
"GAMLSS","M","thickness","lh_insula_thickness",10,10,0.30473390266318
"GAMLSS","M","thickness","rh_bankssts_thickness",10,10,0.401515468218189
"GAMLSS","M","thickness","rh_caudalanteriorcingulate_thickness",10,10,0.289741267311034
"GAMLSS","M","thickness","rh_caudalmiddlefrontal_thickness",10,10,0.267481374955814
"GAMLSS","M","thickness","rh_cuneus_thickness",10,10,0.255196159824286
"GAMLSS","M","thickness","rh_entorhinal_thickness",10,10,0.24519578909828
"GAMLSS","M","thickness","rh_fusiform_thickness",10,10,0.232657240785042
"GAMLSS","M","thickness","rh_inferiorparietal_thickness",10,10,0.250744479344345
"GAMLSS","M","thickness","rh_inferiortemporal_thickness",10,10,0.282665258577411
"GAMLSS","M","thickness","rh_isthmuscingulate_thickness",10,10,0.281459254601144
"GAMLSS","M","thickness","rh_lateraloccipital_thickness",10,10,0.263568856932909
"GAMLSS","M","thickness","rh_lateralorbitofrontal_thickness",10,10,0.291976507172141
"GAMLSS","M","thickness","rh_lingual_thickness",10,10,0.337171773495105
"GAMLSS","M","thickness","rh_medialorbitofrontal_thickness",10,10,0.323848352627038
"GAMLSS","M","thickness","rh_middletemporal_thickness",10,10,0.26893575867598
"GAMLSS","M","thickness","rh_parahippocampal_thickness",10,10,0.227905027302995
"GAMLSS","M","thickness","rh_paracentral_thickness",10,10,0.322961263038753
"GAMLSS","M","thickness","rh_parsopercularis_thickness",10,10,0.305546601771157
"GAMLSS","M","thickness","rh_parsorbitalis_thickness",10,10,0.212699539796942
"GAMLSS","M","thickness","rh_parstriangularis_thickness",10,10,0.258807456160831
"GAMLSS","M","thickness","rh_pericalcarine_thickness",10,10,0.394628694791734
"GAMLSS","M","thickness","rh_postcentral_thickness",10,10,0.296152878203868
"GAMLSS","M","thickness","rh_posteriorcingulate_thickness",10,10,0.219179471682009
"GAMLSS","M","thickness","rh_precentral_thickness",10,10,0.235174769674183
"GAMLSS","M","thickness","rh_precuneus_thickness",10,10,0.265926883178832
"GAMLSS","M","thickness","rh_rostralanteriorcingulate_thickness",10,10,0.218739939740167
"GAMLSS","M","thickness","rh_rostralmiddlefrontal_thickness",10,10,0.313471462395571
"GAMLSS","M","thickness","rh_superiorfrontal_thickness",10,10,0.303637617655172
"GAMLSS","M","thickness","rh_superiorparietal_thickness",10,10,0.209251568402807
"GAMLSS","M","thickness","rh_superiortemporal_thickness",10,10,0.229444044527333
"GAMLSS","M","thickness","rh_supramarginal_thickness",10,10,0.248322500353387
"GAMLSS","M","thickness","rh_frontalpole_thickness",10,10,0.279127150311344
"GAMLSS","M","thickness","rh_temporalpole_thickness",10,10,0.2204943773232
"GAMLSS","M","thickness","rh_transversetemporal_thickness",10,10,0.272282666298612
"GAMLSS","M","thickness","rh_insula_thickness",10,10,0.307694841156056
"GAMLSS","M","thickness","lh_bankssts_thickness",20,20,0.166991668782138
"GAMLSS","M","thickness","lh_caudalanteriorcingulate_thickness",20,20,0.177384026105994
"GAMLSS","M","thickness","lh_caudalmiddlefrontal_thickness",20,20,0.145789141967856
"GAMLSS","M","thickness","lh_cuneus_thickness",20,20,0.133509753139894
"GAMLSS","M","thickness","lh_entorhinal_thickness",20,20,0.15141429654496
"GAMLSS","M","thickness","lh_fusiform_thickness",20,20,0.185651045119787
"GAMLSS","M","thickness","lh_inferiorparietal_thickness",20,20,0.156146569623422
"GAMLSS","M","thickness","lh_inferiortemporal_thickness",20,20,0.13912620010946
"GAMLSS","M","thickness","lh_isthmuscingulate_thickness",20,20,0.153538344228663
"GAMLSS","M","thickness","lh_lateraloccipital_thickness",20,20,0.132708997967089
"GAMLSS","M","thickness","lh_lateralorbitofrontal_thickness",20,20,0.208328191722281
"GAMLSS","M","thickness","lh_lingual_thickness",20,20,0.205836460877715
"GAMLSS","M","thickness","lh_medialorbitofrontal_thickness",20,20,0.189207699725701
"GAMLSS","M","thickness","lh_middletemporal_thickness",20,20,0.112029538759753
"GAMLSS","M","thickness","lh_parahippocampal_thickness",20,20,0.141242245817339
"GAMLSS","M","thickness","lh_paracentral_thickness",20,20,0.187891014593462
"GAMLSS","M","thickness","lh_parsopercularis_thickness",20,20,0.143160243560163
"GAMLSS","M","thickness","lh_parsorbitalis_thickness",20,20,0.150795055566057
"GAMLSS","M","thickness","lh_parstriangularis_thickness",20,20,0.146811651992567
"GAMLSS","M","thickness","lh_pericalcarine_thickness",20,20,0.226537711779849
"GAMLSS","M","thickness","lh_postcentral_thickness",20,20,0.154829817811256
"GAMLSS","M","thickness","lh_posteriorcingulate_thickness",20,20,0.125070564678866
"GAMLSS","M","thickness","lh_precentral_thickness",20,20,0.142640420993436
"GAMLSS","M","thickness","lh_precuneus_thickness",20,20,0.105538082567701
"GAMLSS","M","thickness","lh_rostralanteriorcingulate_thickness",20,20,0.174470137387243
"GAMLSS","M","thickness","lh_rostralmiddlefrontal_thickness",20,20,0.155843040872989
"GAMLSS","M","thickness","lh_superiorfrontal_thickness",20,20,0.166937455632624
"GAMLSS","M","thickness","lh_superiorparietal_thickness",20,20,0.144550039558186
"GAMLSS","M","thickness","lh_superiortemporal_thickness",20,20,0.133515411914626
"GAMLSS","M","thickness","lh_supramarginal_thickness",20,20,0.140603587069906
"GAMLSS","M","thickness","lh_frontalpole_thickness",20,20,0.172661044758856
"GAMLSS","M","thickness","lh_temporalpole_thickness",20,20,0.116247343952625
"GAMLSS","M","thickness","lh_transversetemporal_thickness",20,20,0.156516455639696
"GAMLSS","M","thickness","lh_insula_thickness",20,20,0.184363858939278
"GAMLSS","M","thickness","rh_bankssts_thickness",20,20,0.220164735193142
"GAMLSS","M","thickness","rh_caudalanteriorcingulate_thickness",20,20,0.172711945587623
"GAMLSS","M","thickness","rh_caudalmiddlefrontal_thickness",20,20,0.168982192644252
"GAMLSS","M","thickness","rh_cuneus_thickness",20,20,0.135065590522784
"GAMLSS","M","thickness","rh_entorhinal_thickness",20,20,0.144139543974398
"GAMLSS","M","thickness","rh_fusiform_thickness",20,20,0.165291863888825
"GAMLSS","M","thickness","rh_inferiorparietal_thickness",20,20,0.152420569244589
"GAMLSS","M","thickness","rh_inferiortemporal_thickness",20,20,0.155909599486399
"GAMLSS","M","thickness","rh_isthmuscingulate_thickness",20,20,0.178121308878769
"GAMLSS","M","thickness","rh_lateraloccipital_thickness",20,20,0.137586772269413
"GAMLSS","M","thickness","rh_lateralorbitofrontal_thickness",20,20,0.180672539564383
"GAMLSS","M","thickness","rh_lingual_thickness",20,20,0.19270544451868
"GAMLSS","M","thickness","rh_medialorbitofrontal_thickness",20,20,0.193094387166896
"GAMLSS","M","thickness","rh_middletemporal_thickness",20,20,0.155877941372505
"GAMLSS","M","thickness","rh_parahippocampal_thickness",20,20,0.139829136663932
"GAMLSS","M","thickness","rh_paracentral_thickness",20,20,0.176029505104541
"GAMLSS","M","thickness","rh_parsopercularis_thickness",20,20,0.145740872927479
"GAMLSS","M","thickness","rh_parsorbitalis_thickness",20,20,0.129434813496778
"GAMLSS","M","thickness","rh_parstriangularis_thickness",20,20,0.160188066188756
"GAMLSS","M","thickness","rh_pericalcarine_thickness",20,20,0.218138267623753
"GAMLSS","M","thickness","rh_postcentral_thickness",20,20,0.148167622044255
"GAMLSS","M","thickness","rh_posteriorcingulate_thickness",20,20,0.136017163610789
"GAMLSS","M","thickness","rh_precentral_thickness",20,20,0.144918173848047
"GAMLSS","M","thickness","rh_precuneus_thickness",20,20,0.148447708655521
"GAMLSS","M","thickness","rh_rostralanteriorcingulate_thickness",20,20,0.135822720528313
"GAMLSS","M","thickness","rh_rostralmiddlefrontal_thickness",20,20,0.192531888145032
"GAMLSS","M","thickness","rh_superiorfrontal_thickness",20,20,0.176969768969299
"GAMLSS","M","thickness","rh_superiorparietal_thickness",20,20,0.149558599315802
"GAMLSS","M","thickness","rh_superiortemporal_thickness",20,20,0.145090992795497
"GAMLSS","M","thickness","rh_supramarginal_thickness",20,20,0.174160598548253
"GAMLSS","M","thickness","rh_frontalpole_thickness",20,20,0.174708797376883
"GAMLSS","M","thickness","rh_temporalpole_thickness",20,20,0.131491761132899
"GAMLSS","M","thickness","rh_transversetemporal_thickness",20,20,0.148216967049498
"GAMLSS","M","thickness","rh_insula_thickness",20,20,0.196080951598307
"GAMLSS","M","thickness","lh_bankssts_thickness",30,30,0.077687437403673
"GAMLSS","M","thickness","lh_caudalanteriorcingulate_thickness",30,30,0.088770094811792
"GAMLSS","M","thickness","lh_caudalmiddlefrontal_thickness",30,30,0.0874147445116825
"GAMLSS","M","thickness","lh_cuneus_thickness",30,30,0.0799645977824612
"GAMLSS","M","thickness","lh_entorhinal_thickness",30,30,0.0884769322780275
"GAMLSS","M","thickness","lh_fusiform_thickness",30,30,0.100603019594004
"GAMLSS","M","thickness","lh_inferiorparietal_thickness",30,30,0.0789735090471096
"GAMLSS","M","thickness","lh_inferiortemporal_thickness",30,30,0.0845833080874561
"GAMLSS","M","thickness","lh_isthmuscingulate_thickness",30,30,0.10309882337595
"GAMLSS","M","thickness","lh_lateraloccipital_thickness",30,30,0.0750580486064094
"GAMLSS","M","thickness","lh_lateralorbitofrontal_thickness",30,30,0.109264771884253
"GAMLSS","M","thickness","lh_lingual_thickness",30,30,0.118775387478032
"GAMLSS","M","thickness","lh_medialorbitofrontal_thickness",30,30,0.0883659767448106
"GAMLSS","M","thickness","lh_middletemporal_thickness",30,30,0.0679981533741632
"GAMLSS","M","thickness","lh_parahippocampal_thickness",30,30,0.0779447887701971
"GAMLSS","M","thickness","lh_paracentral_thickness",30,30,0.106440862016253
"GAMLSS","M","thickness","lh_parsopercularis_thickness",30,30,0.0803594094565281
"GAMLSS","M","thickness","lh_parsorbitalis_thickness",30,30,0.0797870279768034
"GAMLSS","M","thickness","lh_parstriangularis_thickness",30,30,0.0775128391446467
"GAMLSS","M","thickness","lh_pericalcarine_thickness",30,30,0.117606465359247
"GAMLSS","M","thickness","lh_postcentral_thickness",30,30,0.0773809321665025
"GAMLSS","M","thickness","lh_posteriorcingulate_thickness",30,30,0.073597320250085
"GAMLSS","M","thickness","lh_precentral_thickness",30,30,0.0782647188048628
"GAMLSS","M","thickness","lh_precuneus_thickness",30,30,0.0689917221527158
"GAMLSS","M","thickness","lh_rostralanteriorcingulate_thickness",30,30,0.0837335056153204
"GAMLSS","M","thickness","lh_rostralmiddlefrontal_thickness",30,30,0.0841065381740789
"GAMLSS","M","thickness","lh_superiorfrontal_thickness",30,30,0.092833390637777
"GAMLSS","M","thickness","lh_superiorparietal_thickness",30,30,0.073499912131461
"GAMLSS","M","thickness","lh_superiortemporal_thickness",30,30,0.0727406924634762
"GAMLSS","M","thickness","lh_supramarginal_thickness",30,30,0.075594548173996
"GAMLSS","M","thickness","lh_frontalpole_thickness",30,30,0.0913660778103277
"GAMLSS","M","thickness","lh_temporalpole_thickness",30,30,0.0582753118949313
"GAMLSS","M","thickness","lh_transversetemporal_thickness",30,30,0.0915464783057929
"GAMLSS","M","thickness","lh_insula_thickness",30,30,0.0886526778973647
"GAMLSS","M","thickness","rh_bankssts_thickness",30,30,0.112183514191377
"GAMLSS","M","thickness","rh_caudalanteriorcingulate_thickness",30,30,0.0914056488386412
"GAMLSS","M","thickness","rh_caudalmiddlefrontal_thickness",30,30,0.0837795992349765
"GAMLSS","M","thickness","rh_cuneus_thickness",30,30,0.0694661051163465
"GAMLSS","M","thickness","rh_entorhinal_thickness",30,30,0.0707759445965326
"GAMLSS","M","thickness","rh_fusiform_thickness",30,30,0.0875500129756496
"GAMLSS","M","thickness","rh_inferiorparietal_thickness",30,30,0.0862661132331437
"GAMLSS","M","thickness","rh_inferiortemporal_thickness",30,30,0.0854074896980796
"GAMLSS","M","thickness","rh_isthmuscingulate_thickness",30,30,0.106377498290448
"GAMLSS","M","thickness","rh_lateraloccipital_thickness",30,30,0.0791928872139806
"GAMLSS","M","thickness","rh_lateralorbitofrontal_thickness",30,30,0.0917294770650307
"GAMLSS","M","thickness","rh_lingual_thickness",30,30,0.114320418367792
"GAMLSS","M","thickness","rh_medialorbitofrontal_thickness",30,30,0.0906229430955889
"GAMLSS","M","thickness","rh_middletemporal_thickness",30,30,0.0871481563390118
"GAMLSS","M","thickness","rh_parahippocampal_thickness",30,30,0.0789584208369143
"GAMLSS","M","thickness","rh_paracentral_thickness",30,30,0.0940074407232934
"GAMLSS","M","thickness","rh_parsopercularis_thickness",30,30,0.0932660639456405
"GAMLSS","M","thickness","rh_parsorbitalis_thickness",30,30,0.0653329565921112
"GAMLSS","M","thickness","rh_parstriangularis_thickness",30,30,0.0878685127943633
"GAMLSS","M","thickness","rh_pericalcarine_thickness",30,30,0.114797869806183
"GAMLSS","M","thickness","rh_postcentral_thickness",30,30,0.0849003818775756
"GAMLSS","M","thickness","rh_posteriorcingulate_thickness",30,30,0.0741081682843798
"GAMLSS","M","thickness","rh_precentral_thickness",30,30,0.074000309376394
"GAMLSS","M","thickness","rh_precuneus_thickness",30,30,0.0805355635782628
"GAMLSS","M","thickness","rh_rostralanteriorcingulate_thickness",30,30,0.0641526026169372
"GAMLSS","M","thickness","rh_rostralmiddlefrontal_thickness",30,30,0.103126654908919
"GAMLSS","M","thickness","rh_superiorfrontal_thickness",30,30,0.100114975990631
"GAMLSS","M","thickness","rh_superiorparietal_thickness",30,30,0.0718310593514844
"GAMLSS","M","thickness","rh_superiortemporal_thickness",30,30,0.0687329564188758
"GAMLSS","M","thickness","rh_supramarginal_thickness",30,30,0.086846840904191
"GAMLSS","M","thickness","rh_frontalpole_thickness",30,30,0.0982665772408728
"GAMLSS","M","thickness","rh_temporalpole_thickness",30,30,0.0775688479656359
"GAMLSS","M","thickness","rh_transversetemporal_thickness",30,30,0.0692986809234121
"GAMLSS","M","thickness","rh_insula_thickness",30,30,0.104656942057278
"GAMLSS","M","thickness","lh_bankssts_thickness",50,38,0
"GAMLSS","M","thickness","lh_caudalanteriorcingulate_thickness",50,38,0
"GAMLSS","M","thickness","lh_caudalmiddlefrontal_thickness",50,38,0
"GAMLSS","M","thickness","lh_cuneus_thickness",50,38,0
"GAMLSS","M","thickness","lh_entorhinal_thickness",50,38,0
"GAMLSS","M","thickness","lh_fusiform_thickness",50,38,0
"GAMLSS","M","thickness","lh_inferiorparietal_thickness",50,38,0
"GAMLSS","M","thickness","lh_inferiortemporal_thickness",50,38,0
"GAMLSS","M","thickness","lh_isthmuscingulate_thickness",50,38,0
"GAMLSS","M","thickness","lh_lateraloccipital_thickness",50,38,0
"GAMLSS","M","thickness","lh_lateralorbitofrontal_thickness",50,38,0
"GAMLSS","M","thickness","lh_lingual_thickness",50,38,0
"GAMLSS","M","thickness","lh_medialorbitofrontal_thickness",50,38,0
"GAMLSS","M","thickness","lh_middletemporal_thickness",50,38,0
"GAMLSS","M","thickness","lh_parahippocampal_thickness",50,38,0
"GAMLSS","M","thickness","lh_paracentral_thickness",50,38,0
"GAMLSS","M","thickness","lh_parsopercularis_thickness",50,38,0
"GAMLSS","M","thickness","lh_parsorbitalis_thickness",50,38,0
"GAMLSS","M","thickness","lh_parstriangularis_thickness",50,38,0
"GAMLSS","M","thickness","lh_pericalcarine_thickness",50,38,0
"GAMLSS","M","thickness","lh_postcentral_thickness",50,38,0
"GAMLSS","M","thickness","lh_posteriorcingulate_thickness",50,38,0
"GAMLSS","M","thickness","lh_precentral_thickness",50,38,0
"GAMLSS","M","thickness","lh_precuneus_thickness",50,38,0
"GAMLSS","M","thickness","lh_rostralanteriorcingulate_thickness",50,38,0
"GAMLSS","M","thickness","lh_rostralmiddlefrontal_thickness",50,38,0
"GAMLSS","M","thickness","lh_superiorfrontal_thickness",50,38,0
"GAMLSS","M","thickness","lh_superiorparietal_thickness",50,38,0
"GAMLSS","M","thickness","lh_superiortemporal_thickness",50,38,0
"GAMLSS","M","thickness","lh_supramarginal_thickness",50,38,0
"GAMLSS","M","thickness","lh_frontalpole_thickness",50,38,0
"GAMLSS","M","thickness","lh_temporalpole_thickness",50,38,0
"GAMLSS","M","thickness","lh_transversetemporal_thickness",50,38,0
"GAMLSS","M","thickness","lh_insula_thickness",50,38,0
"GAMLSS","M","thickness","rh_bankssts_thickness",50,38,0
"GAMLSS","M","thickness","rh_caudalanteriorcingulate_thickness",50,38,0
"GAMLSS","M","thickness","rh_caudalmiddlefrontal_thickness",50,38,0
"GAMLSS","M","thickness","rh_cuneus_thickness",50,38,0
"GAMLSS","M","thickness","rh_entorhinal_thickness",50,38,0
"GAMLSS","M","thickness","rh_fusiform_thickness",50,38,0
"GAMLSS","M","thickness","rh_inferiorparietal_thickness",50,38,0
"GAMLSS","M","thickness","rh_inferiortemporal_thickness",50,38,0
"GAMLSS","M","thickness","rh_isthmuscingulate_thickness",50,38,0
"GAMLSS","M","thickness","rh_lateraloccipital_thickness",50,38,0
"GAMLSS","M","thickness","rh_lateralorbitofrontal_thickness",50,38,0
"GAMLSS","M","thickness","rh_lingual_thickness",50,38,0
"GAMLSS","M","thickness","rh_medialorbitofrontal_thickness",50,38,0
"GAMLSS","M","thickness","rh_middletemporal_thickness",50,38,0
"GAMLSS","M","thickness","rh_parahippocampal_thickness",50,38,0
"GAMLSS","M","thickness","rh_paracentral_thickness",50,38,0
"GAMLSS","M","thickness","rh_parsopercularis_thickness",50,38,0
"GAMLSS","M","thickness","rh_parsorbitalis_thickness",50,38,0
"GAMLSS","M","thickness","rh_parstriangularis_thickness",50,38,0
"GAMLSS","M","thickness","rh_pericalcarine_thickness",50,38,0
"GAMLSS","M","thickness","rh_postcentral_thickness",50,38,0
"GAMLSS","M","thickness","rh_posteriorcingulate_thickness",50,38,0
"GAMLSS","M","thickness","rh_precentral_thickness",50,38,0
"GAMLSS","M","thickness","rh_precuneus_thickness",50,38,0
"GAMLSS","M","thickness","rh_rostralanteriorcingulate_thickness",50,38,0
"GAMLSS","M","thickness","rh_rostralmiddlefrontal_thickness",50,38,0
"GAMLSS","M","thickness","rh_superiorfrontal_thickness",50,38,0
"GAMLSS","M","thickness","rh_superiorparietal_thickness",50,38,0
"GAMLSS","M","thickness","rh_superiortemporal_thickness",50,38,0
"GAMLSS","M","thickness","rh_supramarginal_thickness",50,38,0
"GAMLSS","M","thickness","rh_frontalpole_thickness",50,38,0
"GAMLSS","M","thickness","rh_temporalpole_thickness",50,38,0
"GAMLSS","M","thickness","rh_transversetemporal_thickness",50,38,0
"GAMLSS","M","thickness","rh_insula_thickness",50,38,0
"GAMLSS","M","thickness","lh_bankssts_thickness",75,38,0
"GAMLSS","M","thickness","lh_caudalanteriorcingulate_thickness",75,38,0
"GAMLSS","M","thickness","lh_caudalmiddlefrontal_thickness",75,38,0
"GAMLSS","M","thickness","lh_cuneus_thickness",75,38,0
"GAMLSS","M","thickness","lh_entorhinal_thickness",75,38,0
"GAMLSS","M","thickness","lh_fusiform_thickness",75,38,0
"GAMLSS","M","thickness","lh_inferiorparietal_thickness",75,38,0
"GAMLSS","M","thickness","lh_inferiortemporal_thickness",75,38,0
"GAMLSS","M","thickness","lh_isthmuscingulate_thickness",75,38,0
"GAMLSS","M","thickness","lh_lateraloccipital_thickness",75,38,0
"GAMLSS","M","thickness","lh_lateralorbitofrontal_thickness",75,38,0
"GAMLSS","M","thickness","lh_lingual_thickness",75,38,0
"GAMLSS","M","thickness","lh_medialorbitofrontal_thickness",75,38,0
"GAMLSS","M","thickness","lh_middletemporal_thickness",75,38,0
"GAMLSS","M","thickness","lh_parahippocampal_thickness",75,38,0
"GAMLSS","M","thickness","lh_paracentral_thickness",75,38,0
"GAMLSS","M","thickness","lh_parsopercularis_thickness",75,38,0
"GAMLSS","M","thickness","lh_parsorbitalis_thickness",75,38,0
"GAMLSS","M","thickness","lh_parstriangularis_thickness",75,38,0
"GAMLSS","M","thickness","lh_pericalcarine_thickness",75,38,0
"GAMLSS","M","thickness","lh_postcentral_thickness",75,38,0
"GAMLSS","M","thickness","lh_posteriorcingulate_thickness",75,38,0
"GAMLSS","M","thickness","lh_precentral_thickness",75,38,0
"GAMLSS","M","thickness","lh_precuneus_thickness",75,38,0
"GAMLSS","M","thickness","lh_rostralanteriorcingulate_thickness",75,38,0
"GAMLSS","M","thickness","lh_rostralmiddlefrontal_thickness",75,38,0
"GAMLSS","M","thickness","lh_superiorfrontal_thickness",75,38,0
"GAMLSS","M","thickness","lh_superiorparietal_thickness",75,38,0
"GAMLSS","M","thickness","lh_superiortemporal_thickness",75,38,0
"GAMLSS","M","thickness","lh_supramarginal_thickness",75,38,0
"GAMLSS","M","thickness","lh_frontalpole_thickness",75,38,0
"GAMLSS","M","thickness","lh_temporalpole_thickness",75,38,0
"GAMLSS","M","thickness","lh_transversetemporal_thickness",75,38,0
"GAMLSS","M","thickness","lh_insula_thickness",75,38,0
"GAMLSS","M","thickness","rh_bankssts_thickness",75,38,0
"GAMLSS","M","thickness","rh_caudalanteriorcingulate_thickness",75,38,0
"GAMLSS","M","thickness","rh_caudalmiddlefrontal_thickness",75,38,0
"GAMLSS","M","thickness","rh_cuneus_thickness",75,38,0
"GAMLSS","M","thickness","rh_entorhinal_thickness",75,38,0
"GAMLSS","M","thickness","rh_fusiform_thickness",75,38,0
"GAMLSS","M","thickness","rh_inferiorparietal_thickness",75,38,0
"GAMLSS","M","thickness","rh_inferiortemporal_thickness",75,38,0
"GAMLSS","M","thickness","rh_isthmuscingulate_thickness",75,38,0
"GAMLSS","M","thickness","rh_lateraloccipital_thickness",75,38,0
"GAMLSS","M","thickness","rh_lateralorbitofrontal_thickness",75,38,0
"GAMLSS","M","thickness","rh_lingual_thickness",75,38,0
"GAMLSS","M","thickness","rh_medialorbitofrontal_thickness",75,38,0
"GAMLSS","M","thickness","rh_middletemporal_thickness",75,38,0
"GAMLSS","M","thickness","rh_parahippocampal_thickness",75,38,0
"GAMLSS","M","thickness","rh_paracentral_thickness",75,38,0
"GAMLSS","M","thickness","rh_parsopercularis_thickness",75,38,0
"GAMLSS","M","thickness","rh_parsorbitalis_thickness",75,38,0
"GAMLSS","M","thickness","rh_parstriangularis_thickness",75,38,0
"GAMLSS","M","thickness","rh_pericalcarine_thickness",75,38,0
"GAMLSS","M","thickness","rh_postcentral_thickness",75,38,0
"GAMLSS","M","thickness","rh_posteriorcingulate_thickness",75,38,0
"GAMLSS","M","thickness","rh_precentral_thickness",75,38,0
"GAMLSS","M","thickness","rh_precuneus_thickness",75,38,0
"GAMLSS","M","thickness","rh_rostralanteriorcingulate_thickness",75,38,0
"GAMLSS","M","thickness","rh_rostralmiddlefrontal_thickness",75,38,0
"GAMLSS","M","thickness","rh_superiorfrontal_thickness",75,38,0
"GAMLSS","M","thickness","rh_superiorparietal_thickness",75,38,0
"GAMLSS","M","thickness","rh_superiortemporal_thickness",75,38,0
"GAMLSS","M","thickness","rh_supramarginal_thickness",75,38,0
"GAMLSS","M","thickness","rh_frontalpole_thickness",75,38,0
"GAMLSS","M","thickness","rh_temporalpole_thickness",75,38,0
"GAMLSS","M","thickness","rh_transversetemporal_thickness",75,38,0
"GAMLSS","M","thickness","rh_insula_thickness",75,38,0
"GAMLSS","M","thickness","lh_bankssts_thickness",100,38,0
"GAMLSS","M","thickness","lh_caudalanteriorcingulate_thickness",100,38,0
"GAMLSS","M","thickness","lh_caudalmiddlefrontal_thickness",100,38,0
"GAMLSS","M","thickness","lh_cuneus_thickness",100,38,0
"GAMLSS","M","thickness","lh_entorhinal_thickness",100,38,0
"GAMLSS","M","thickness","lh_fusiform_thickness",100,38,0
"GAMLSS","M","thickness","lh_inferiorparietal_thickness",100,38,0
"GAMLSS","M","thickness","lh_inferiortemporal_thickness",100,38,0
"GAMLSS","M","thickness","lh_isthmuscingulate_thickness",100,38,0
"GAMLSS","M","thickness","lh_lateraloccipital_thickness",100,38,0
"GAMLSS","M","thickness","lh_lateralorbitofrontal_thickness",100,38,0
"GAMLSS","M","thickness","lh_lingual_thickness",100,38,0
"GAMLSS","M","thickness","lh_medialorbitofrontal_thickness",100,38,0
"GAMLSS","M","thickness","lh_middletemporal_thickness",100,38,0
"GAMLSS","M","thickness","lh_parahippocampal_thickness",100,38,0
"GAMLSS","M","thickness","lh_paracentral_thickness",100,38,0
"GAMLSS","M","thickness","lh_parsopercularis_thickness",100,38,0
"GAMLSS","M","thickness","lh_parsorbitalis_thickness",100,38,0
"GAMLSS","M","thickness","lh_parstriangularis_thickness",100,38,0
"GAMLSS","M","thickness","lh_pericalcarine_thickness",100,38,0
"GAMLSS","M","thickness","lh_postcentral_thickness",100,38,0
"GAMLSS","M","thickness","lh_posteriorcingulate_thickness",100,38,0
"GAMLSS","M","thickness","lh_precentral_thickness",100,38,0
"GAMLSS","M","thickness","lh_precuneus_thickness",100,38,0
"GAMLSS","M","thickness","lh_rostralanteriorcingulate_thickness",100,38,0
"GAMLSS","M","thickness","lh_rostralmiddlefrontal_thickness",100,38,0
"GAMLSS","M","thickness","lh_superiorfrontal_thickness",100,38,0
"GAMLSS","M","thickness","lh_superiorparietal_thickness",100,38,0
"GAMLSS","M","thickness","lh_superiortemporal_thickness",100,38,0
"GAMLSS","M","thickness","lh_supramarginal_thickness",100,38,0
"GAMLSS","M","thickness","lh_frontalpole_thickness",100,38,0
"GAMLSS","M","thickness","lh_temporalpole_thickness",100,38,0
"GAMLSS","M","thickness","lh_transversetemporal_thickness",100,38,0
"GAMLSS","M","thickness","lh_insula_thickness",100,38,0
"GAMLSS","M","thickness","rh_bankssts_thickness",100,38,0
"GAMLSS","M","thickness","rh_caudalanteriorcingulate_thickness",100,38,0
"GAMLSS","M","thickness","rh_caudalmiddlefrontal_thickness",100,38,0
"GAMLSS","M","thickness","rh_cuneus_thickness",100,38,0
"GAMLSS","M","thickness","rh_entorhinal_thickness",100,38,0
"GAMLSS","M","thickness","rh_fusiform_thickness",100,38,0
"GAMLSS","M","thickness","rh_inferiorparietal_thickness",100,38,0
"GAMLSS","M","thickness","rh_inferiortemporal_thickness",100,38,0
"GAMLSS","M","thickness","rh_isthmuscingulate_thickness",100,38,0
"GAMLSS","M","thickness","rh_lateraloccipital_thickness",100,38,0
"GAMLSS","M","thickness","rh_lateralorbitofrontal_thickness",100,38,0
"GAMLSS","M","thickness","rh_lingual_thickness",100,38,0
"GAMLSS","M","thickness","rh_medialorbitofrontal_thickness",100,38,0
"GAMLSS","M","thickness","rh_middletemporal_thickness",100,38,0
"GAMLSS","M","thickness","rh_parahippocampal_thickness",100,38,0
"GAMLSS","M","thickness","rh_paracentral_thickness",100,38,0
"GAMLSS","M","thickness","rh_parsopercularis_thickness",100,38,0
"GAMLSS","M","thickness","rh_parsorbitalis_thickness",100,38,0
"GAMLSS","M","thickness","rh_parstriangularis_thickness",100,38,0
"GAMLSS","M","thickness","rh_pericalcarine_thickness",100,38,0
"GAMLSS","M","thickness","rh_postcentral_thickness",100,38,0
"GAMLSS","M","thickness","rh_posteriorcingulate_thickness",100,38,0
"GAMLSS","M","thickness","rh_precentral_thickness",100,38,0
"GAMLSS","M","thickness","rh_precuneus_thickness",100,38,0
"GAMLSS","M","thickness","rh_rostralanteriorcingulate_thickness",100,38,0
"GAMLSS","M","thickness","rh_rostralmiddlefrontal_thickness",100,38,0
"GAMLSS","M","thickness","rh_superiorfrontal_thickness",100,38,0
"GAMLSS","M","thickness","rh_superiorparietal_thickness",100,38,0
"GAMLSS","M","thickness","rh_superiortemporal_thickness",100,38,0
"GAMLSS","M","thickness","rh_supramarginal_thickness",100,38,0
"GAMLSS","M","thickness","rh_frontalpole_thickness",100,38,0
"GAMLSS","M","thickness","rh_temporalpole_thickness",100,38,0
"GAMLSS","M","thickness","rh_transversetemporal_thickness",100,38,0
"GAMLSS","M","thickness","rh_insula_thickness",100,38,0
"GAMLSS","F","area","lh_bankssts_area",10,10,0.303457407838185
"GAMLSS","F","area","lh_caudalanteriorcingulate_area",10,10,0.321501296118495
"GAMLSS","F","area","lh_caudalmiddlefrontal_area",10,10,0.301189660022497
"GAMLSS","F","area","lh_cuneus_area",10,10,0.289604208675065
"GAMLSS","F","area","lh_entorhinal_area",10,10,0.369284131043437
"GAMLSS","F","area","lh_fusiform_area",10,10,0.247678833252436
"GAMLSS","F","area","lh_inferiorparietal_area",10,10,0.419895682629183
"GAMLSS","F","area","lh_inferiortemporal_area",10,10,0.284778069276439
"GAMLSS","F","area","lh_isthmuscingulate_area",10,10,0.325065882079339
"GAMLSS","F","area","lh_lateraloccipital_area",10,10,0.271505471327009
"GAMLSS","F","area","lh_lateralorbitofrontal_area",10,10,0.431841188105834
"GAMLSS","F","area","lh_lingual_area",10,10,0.251435459764458
"GAMLSS","F","area","lh_medialorbitofrontal_area",10,10,0.36504988352549
"GAMLSS","F","area","lh_middletemporal_area",10,10,0.291533048303007
"GAMLSS","F","area","lh_parahippocampal_area",10,10,0.283455993468998
"GAMLSS","F","area","lh_paracentral_area",10,10,0.278876568301969
"GAMLSS","F","area","lh_parsopercularis_area",10,10,0.361104147727908
"GAMLSS","F","area","lh_parsorbitalis_area",10,10,0.331545587485317
"GAMLSS","F","area","lh_parstriangularis_area",10,10,0.317990796175432
"GAMLSS","F","area","lh_pericalcarine_area",10,10,0.267655170319372
"GAMLSS","F","area","lh_postcentral_area",10,10,0.330058691837992
"GAMLSS","F","area","lh_posteriorcingulate_area",10,10,0.311728834697963
"GAMLSS","F","area","lh_precentral_area",10,10,0.347546425981555
"GAMLSS","F","area","lh_precuneus_area",10,10,0.319782417344645
"GAMLSS","F","area","lh_rostralanteriorcingulate_area",10,10,0.33618162632753
"GAMLSS","F","area","lh_rostralmiddlefrontal_area",10,10,0.289845947969403
"GAMLSS","F","area","lh_superiorfrontal_area",10,10,0.33675280019543
"GAMLSS","F","area","lh_superiorparietal_area",10,10,0.352481138349889
"GAMLSS","F","area","lh_superiortemporal_area",10,10,0.249567811130156
"GAMLSS","F","area","lh_supramarginal_area",10,10,0.37438100280735
"GAMLSS","F","area","lh_frontalpole_area",10,10,0.322511885979376
"GAMLSS","F","area","lh_temporalpole_area",10,10,0.37499657429936
"GAMLSS","F","area","lh_transversetemporal_area",10,10,0.257237774756113
"GAMLSS","F","area","lh_insula_area",10,10,0.283310319845283
"GAMLSS","F","area","rh_bankssts_area",10,10,0.243634661205035
"GAMLSS","F","area","rh_caudalanteriorcingulate_area",10,10,0.334648970723595
"GAMLSS","F","area","rh_caudalmiddlefrontal_area",10,10,0.268537772790765
"GAMLSS","F","area","rh_cuneus_area",10,10,0.303633788446435
"GAMLSS","F","area","rh_entorhinal_area",10,10,0.278859897263468
"GAMLSS","F","area","rh_fusiform_area",10,10,0.297620593729079
"GAMLSS","F","area","rh_inferiorparietal_area",10,10,0.338250431654574
"GAMLSS","F","area","rh_inferiortemporal_area",10,10,0.252178451584431
"GAMLSS","F","area","rh_isthmuscingulate_area",10,10,0.396370876296409
"GAMLSS","F","area","rh_lateraloccipital_area",10,10,0.29758557633123
"GAMLSS","F","area","rh_lateralorbitofrontal_area",10,10,0.406691122070527
"GAMLSS","F","area","rh_lingual_area",10,10,0.315982355310896
"GAMLSS","F","area","rh_medialorbitofrontal_area",10,10,0.340424491744126
"GAMLSS","F","area","rh_middletemporal_area",10,10,0.31574144732107
"GAMLSS","F","area","rh_parahippocampal_area",10,10,0.186846221424545
"GAMLSS","F","area","rh_paracentral_area",10,10,0.330675078528689
"GAMLSS","F","area","rh_parsopercularis_area",10,10,0.385114731326386
"GAMLSS","F","area","rh_parsorbitalis_area",10,10,0.356750125859183
"GAMLSS","F","area","rh_parstriangularis_area",10,10,0.335295159443513
"GAMLSS","F","area","rh_pericalcarine_area",10,10,0.292676866459253
"GAMLSS","F","area","rh_postcentral_area",10,10,0.283068437905291
"GAMLSS","F","area","rh_posteriorcingulate_area",10,10,0.315663905328029
"GAMLSS","F","area","rh_precentral_area",10,10,0.303939638993196
"GAMLSS","F","area","rh_precuneus_area",10,10,0.330654227865642
"GAMLSS","F","area","rh_rostralanteriorcingulate_area",10,10,0.331387625995791
"GAMLSS","F","area","rh_rostralmiddlefrontal_area",10,10,0.355620571865108
"GAMLSS","F","area","rh_superiorfrontal_area",10,10,0.284663257744555
"GAMLSS","F","area","rh_superiorparietal_area",10,10,0.375908508055857
"GAMLSS","F","area","rh_superiortemporal_area",10,10,0.309498060763615
"GAMLSS","F","area","rh_supramarginal_area",10,10,0.264161174511874
"GAMLSS","F","area","rh_frontalpole_area",10,10,0.412634927630777
"GAMLSS","F","area","rh_temporalpole_area",10,10,0.280915747376576
"GAMLSS","F","area","rh_transversetemporal_area",10,10,0.285212702284141
"GAMLSS","F","area","rh_insula_area",10,10,0.315333599936378
"GAMLSS","F","area","lh_bankssts_area",20,20,0.19650079602991
"GAMLSS","F","area","lh_caudalanteriorcingulate_area",20,20,0.183847072961416
"GAMLSS","F","area","lh_caudalmiddlefrontal_area",20,20,0.166266030994718
"GAMLSS","F","area","lh_cuneus_area",20,20,0.186215753037465
"GAMLSS","F","area","lh_entorhinal_area",20,20,0.251551077038882
"GAMLSS","F","area","lh_fusiform_area",20,20,0.182870086536139
"GAMLSS","F","area","lh_inferiorparietal_area",20,20,0.219371982127909
"GAMLSS","F","area","lh_inferiortemporal_area",20,20,0.168029886930583
"GAMLSS","F","area","lh_isthmuscingulate_area",20,20,0.194255907448381
"GAMLSS","F","area","lh_lateraloccipital_area",20,20,0.187043503217316
"GAMLSS","F","area","lh_lateralorbitofrontal_area",20,20,0.28602551723172
"GAMLSS","F","area","lh_lingual_area",20,20,0.155190488323052
"GAMLSS","F","area","lh_medialorbitofrontal_area",20,20,0.24223888440348
"GAMLSS","F","area","lh_middletemporal_area",20,20,0.185618857570486
"GAMLSS","F","area","lh_parahippocampal_area",20,20,0.17036511441773
"GAMLSS","F","area","lh_paracentral_area",20,20,0.186656794389503
"GAMLSS","F","area","lh_parsopercularis_area",20,20,0.200357129480743
"GAMLSS","F","area","lh_parsorbitalis_area",20,20,0.224964350110121
"GAMLSS","F","area","lh_parstriangularis_area",20,20,0.200831706474395
"GAMLSS","F","area","lh_pericalcarine_area",20,20,0.147604044368307
"GAMLSS","F","area","lh_postcentral_area",20,20,0.207293642548163
"GAMLSS","F","area","lh_posteriorcingulate_area",20,20,0.186252123658904
"GAMLSS","F","area","lh_precentral_area",20,20,0.188612197053573
"GAMLSS","F","area","lh_precuneus_area",20,20,0.193646133200921
"GAMLSS","F","area","lh_rostralanteriorcingulate_area",20,20,0.19032311729275
"GAMLSS","F","area","lh_rostralmiddlefrontal_area",20,20,0.207558653997074
"GAMLSS","F","area","lh_superiorfrontal_area",20,20,0.224668572912594
"GAMLSS","F","area","lh_superiorparietal_area",20,20,0.228402351502253
"GAMLSS","F","area","lh_superiortemporal_area",20,20,0.174174606354029
"GAMLSS","F","area","lh_supramarginal_area",20,20,0.218738792491921
"GAMLSS","F","area","lh_frontalpole_area",20,20,0.198455377341841
"GAMLSS","F","area","lh_temporalpole_area",20,20,0.249879257398539
"GAMLSS","F","area","lh_transversetemporal_area",20,20,0.159827960376343
"GAMLSS","F","area","lh_insula_area",20,20,0.197915166793455
"GAMLSS","F","area","rh_bankssts_area",20,20,0.184188498377846
"GAMLSS","F","area","rh_caudalanteriorcingulate_area",20,20,0.1857297235786
"GAMLSS","F","area","rh_caudalmiddlefrontal_area",20,20,0.160035096230835
"GAMLSS","F","area","rh_cuneus_area",20,20,0.190370174271116
"GAMLSS","F","area","rh_entorhinal_area",20,20,0.190045136511117
"GAMLSS","F","area","rh_fusiform_area",20,20,0.217411480782544
"GAMLSS","F","area","rh_inferiorparietal_area",20,20,0.202552842006033
"GAMLSS","F","area","rh_inferiortemporal_area",20,20,0.169560540393421
"GAMLSS","F","area","rh_isthmuscingulate_area",20,20,0.240750956916024
"GAMLSS","F","area","rh_lateraloccipital_area",20,20,0.245327250531523
"GAMLSS","F","area","rh_lateralorbitofrontal_area",20,20,0.274996667274198
"GAMLSS","F","area","rh_lingual_area",20,20,0.227659538706911
"GAMLSS","F","area","rh_medialorbitofrontal_area",20,20,0.204651291452462
"GAMLSS","F","area","rh_middletemporal_area",20,20,0.217246889646084
"GAMLSS","F","area","rh_parahippocampal_area",20,20,0.137134247223209
"GAMLSS","F","area","rh_paracentral_area",20,20,0.216420705668971
"GAMLSS","F","area","rh_parsopercularis_area",20,20,0.227610485633239
"GAMLSS","F","area","rh_parsorbitalis_area",20,20,0.235322698846326
"GAMLSS","F","area","rh_parstriangularis_area",20,20,0.186141795652749
"GAMLSS","F","area","rh_pericalcarine_area",20,20,0.192530039800307
"GAMLSS","F","area","rh_postcentral_area",20,20,0.182414195030016
"GAMLSS","F","area","rh_posteriorcingulate_area",20,20,0.209841240042878
"GAMLSS","F","area","rh_precentral_area",20,20,0.1977361754255
"GAMLSS","F","area","rh_precuneus_area",20,20,0.210904208127208
"GAMLSS","F","area","rh_rostralanteriorcingulate_area",20,20,0.19784717809542
"GAMLSS","F","area","rh_rostralmiddlefrontal_area",20,20,0.230990497149331
"GAMLSS","F","area","rh_superiorfrontal_area",20,20,0.179426985072674
"GAMLSS","F","area","rh_superiorparietal_area",20,20,0.246409682682114
"GAMLSS","F","area","rh_superiortemporal_area",20,20,0.202853278533647
"GAMLSS","F","area","rh_supramarginal_area",20,20,0.175878219106862
"GAMLSS","F","area","rh_frontalpole_area",20,20,0.2392440666867
"GAMLSS","F","area","rh_temporalpole_area",20,20,0.190171290191696
"GAMLSS","F","area","rh_transversetemporal_area",20,20,0.165767373736177
"GAMLSS","F","area","rh_insula_area",20,20,0.216273459145865
"GAMLSS","F","area","lh_bankssts_area",30,30,0.126553486437847
"GAMLSS","F","area","lh_caudalanteriorcingulate_area",30,30,0.132779433435986
"GAMLSS","F","area","lh_caudalmiddlefrontal_area",30,30,0.128400675388785
"GAMLSS","F","area","lh_cuneus_area",30,30,0.133036521762681
"GAMLSS","F","area","lh_entorhinal_area",30,30,0.168202616339716
"GAMLSS","F","area","lh_fusiform_area",30,30,0.132427029144689
"GAMLSS","F","area","lh_inferiorparietal_area",30,30,0.17711321527437
"GAMLSS","F","area","lh_inferiortemporal_area",30,30,0.1323276394572
"GAMLSS","F","area","lh_isthmuscingulate_area",30,30,0.144304690599471
"GAMLSS","F","area","lh_lateraloccipital_area",30,30,0.108664865742253
"GAMLSS","F","area","lh_lateralorbitofrontal_area",30,30,0.204578212948418
"GAMLSS","F","area","lh_lingual_area",30,30,0.112126569777169
"GAMLSS","F","area","lh_medialorbitofrontal_area",30,30,0.158546061821772
"GAMLSS","F","area","lh_middletemporal_area",30,30,0.138103444202269
"GAMLSS","F","area","lh_parahippocampal_area",30,30,0.141689849709774
"GAMLSS","F","area","lh_paracentral_area",30,30,0.132393875927714
"GAMLSS","F","area","lh_parsopercularis_area",30,30,0.134403832232414
"GAMLSS","F","area","lh_parsorbitalis_area",30,30,0.144629606099219
"GAMLSS","F","area","lh_parstriangularis_area",30,30,0.133998473927146
"GAMLSS","F","area","lh_pericalcarine_area",30,30,0.112103278347822
"GAMLSS","F","area","lh_postcentral_area",30,30,0.157388738956982
"GAMLSS","F","area","lh_posteriorcingulate_area",30,30,0.145370393049546
"GAMLSS","F","area","lh_precentral_area",30,30,0.133732579180883
"GAMLSS","F","area","lh_precuneus_area",30,30,0.146859483950379
"GAMLSS","F","area","lh_rostralanteriorcingulate_area",30,30,0.149827710181523
"GAMLSS","F","area","lh_rostralmiddlefrontal_area",30,30,0.130915688768676
"GAMLSS","F","area","lh_superiorfrontal_area",30,30,0.146332579789505
"GAMLSS","F","area","lh_superiorparietal_area",30,30,0.183992455231518
"GAMLSS","F","area","lh_superiortemporal_area",30,30,0.104259872988801
"GAMLSS","F","area","lh_supramarginal_area",30,30,0.157256560077381
"GAMLSS","F","area","lh_frontalpole_area",30,30,0.154572155586175
"GAMLSS","F","area","lh_temporalpole_area",30,30,0.161167071188716
"GAMLSS","F","area","lh_transversetemporal_area",30,30,0.110487442526891
"GAMLSS","F","area","lh_insula_area",30,30,0.133929149966789
"GAMLSS","F","area","rh_bankssts_area",30,30,0.12558561115591
"GAMLSS","F","area","rh_caudalanteriorcingulate_area",30,30,0.131120587163907
"GAMLSS","F","area","rh_caudalmiddlefrontal_area",30,30,0.110009910866024
"GAMLSS","F","area","rh_cuneus_area",30,30,0.139836411716392
"GAMLSS","F","area","rh_entorhinal_area",30,30,0.138853432844265
"GAMLSS","F","area","rh_fusiform_area",30,30,0.150655214720549
"GAMLSS","F","area","rh_inferiorparietal_area",30,30,0.162619071868344
"GAMLSS","F","area","rh_inferiortemporal_area",30,30,0.123115733657538
"GAMLSS","F","area","rh_isthmuscingulate_area",30,30,0.173188047751759
"GAMLSS","F","area","rh_lateraloccipital_area",30,30,0.139690094919248
"GAMLSS","F","area","rh_lateralorbitofrontal_area",30,30,0.191382816974599
"GAMLSS","F","area","rh_lingual_area",30,30,0.133928961129865
"GAMLSS","F","area","rh_medialorbitofrontal_area",30,30,0.153351082147323
"GAMLSS","F","area","rh_middletemporal_area",30,30,0.149497867874767
"GAMLSS","F","area","rh_parahippocampal_area",30,30,0.107897749937128
"GAMLSS","F","area","rh_paracentral_area",30,30,0.147227396557863
"GAMLSS","F","area","rh_parsopercularis_area",30,30,0.162648630138774
"GAMLSS","F","area","rh_parsorbitalis_area",30,30,0.142563903040119
"GAMLSS","F","area","rh_parstriangularis_area",30,30,0.1471180243174
"GAMLSS","F","area","rh_pericalcarine_area",30,30,0.125938715456396
"GAMLSS","F","area","rh_postcentral_area",30,30,0.134586485089198
"GAMLSS","F","area","rh_posteriorcingulate_area",30,30,0.12713696695242
"GAMLSS","F","area","rh_precentral_area",30,30,0.127135739217216
"GAMLSS","F","area","rh_precuneus_area",30,30,0.163191031273897
"GAMLSS","F","area","rh_rostralanteriorcingulate_area",30,30,0.135252343448059
"GAMLSS","F","area","rh_rostralmiddlefrontal_area",30,30,0.153101609880339
"GAMLSS","F","area","rh_superiorfrontal_area",30,30,0.136545580573408
"GAMLSS","F","area","rh_superiorparietal_area",30,30,0.181532282609515
"GAMLSS","F","area","rh_superiortemporal_area",30,30,0.148738294228695
"GAMLSS","F","area","rh_supramarginal_area",30,30,0.130673593563842
"GAMLSS","F","area","rh_frontalpole_area",30,30,0.186155517037891
"GAMLSS","F","area","rh_temporalpole_area",30,30,0.127278257646848
"GAMLSS","F","area","rh_transversetemporal_area",30,30,0.12512392643516
"GAMLSS","F","area","rh_insula_area",30,30,0.154794090722574
"GAMLSS","F","area","lh_bankssts_area",50,50,0.0631177624929213
"GAMLSS","F","area","lh_caudalanteriorcingulate_area",50,50,0.065256739897821
"GAMLSS","F","area","lh_caudalmiddlefrontal_area",50,50,0.0664196608275933
"GAMLSS","F","area","lh_cuneus_area",50,50,0.0649104271326763
"GAMLSS","F","area","lh_entorhinal_area",50,50,0.0789007453252723
"GAMLSS","F","area","lh_fusiform_area",50,50,0.0606409417566632
"GAMLSS","F","area","lh_inferiorparietal_area",50,50,0.0706445022658814
"GAMLSS","F","area","lh_inferiortemporal_area",50,50,0.0531273256201916
"GAMLSS","F","area","lh_isthmuscingulate_area",50,50,0.0660494311498948
"GAMLSS","F","area","lh_lateraloccipital_area",50,50,0.0587762226389906
"GAMLSS","F","area","lh_lateralorbitofrontal_area",50,50,0.090817764088729
"GAMLSS","F","area","lh_lingual_area",50,50,0.0546784840526171
"GAMLSS","F","area","lh_medialorbitofrontal_area",50,50,0.0807331338144576
"GAMLSS","F","area","lh_middletemporal_area",50,50,0.0686859623160839
"GAMLSS","F","area","lh_parahippocampal_area",50,50,0.0575606609712299
"GAMLSS","F","area","lh_paracentral_area",50,50,0.056716541313688
"GAMLSS","F","area","lh_parsopercularis_area",50,50,0.0766076197302168
"GAMLSS","F","area","lh_parsorbitalis_area",50,50,0.0689625099892672
"GAMLSS","F","area","lh_parstriangularis_area",50,50,0.0700446870763797
"GAMLSS","F","area","lh_pericalcarine_area",50,50,0.0572295286993593
"GAMLSS","F","area","lh_postcentral_area",50,50,0.0737176312526867
"GAMLSS","F","area","lh_posteriorcingulate_area",50,50,0.0649605343771825
"GAMLSS","F","area","lh_precentral_area",50,50,0.0693961469552329
"GAMLSS","F","area","lh_precuneus_area",50,50,0.067325558685308
"GAMLSS","F","area","lh_rostralanteriorcingulate_area",50,50,0.0739887319785199
"GAMLSS","F","area","lh_rostralmiddlefrontal_area",50,50,0.0673269522950076
"GAMLSS","F","area","lh_superiorfrontal_area",50,50,0.0747583815807265
"GAMLSS","F","area","lh_superiorparietal_area",50,50,0.0769975759497653
"GAMLSS","F","area","lh_superiortemporal_area",50,50,0.0690947924948452
"GAMLSS","F","area","lh_supramarginal_area",50,50,0.0761666779352567
"GAMLSS","F","area","lh_frontalpole_area",50,50,0.0667004006283355
"GAMLSS","F","area","lh_temporalpole_area",50,50,0.0787363847148932
"GAMLSS","F","area","lh_transversetemporal_area",50,50,0.0671418834218088
"GAMLSS","F","area","lh_insula_area",50,50,0.0650314832604503
"GAMLSS","F","area","rh_bankssts_area",50,50,0.0591105050585888
"GAMLSS","F","area","rh_caudalanteriorcingulate_area",50,50,0.0657762876882089
"GAMLSS","F","area","rh_caudalmiddlefrontal_area",50,50,0.0527442854818989
"GAMLSS","F","area","rh_cuneus_area",50,50,0.0645002311138972
"GAMLSS","F","area","rh_entorhinal_area",50,50,0.0642369092130355
"GAMLSS","F","area","rh_fusiform_area",50,50,0.0744232478083691
"GAMLSS","F","area","rh_inferiorparietal_area",50,50,0.0651560912266119
"GAMLSS","F","area","rh_inferiortemporal_area",50,50,0.0506164326192
"GAMLSS","F","area","rh_isthmuscingulate_area",50,50,0.0773260567367585
"GAMLSS","F","area","rh_lateraloccipital_area",50,50,0.0658394645393641
"GAMLSS","F","area","rh_lateralorbitofrontal_area",50,50,0.0916859834036526
"GAMLSS","F","area","rh_lingual_area",50,50,0.0676504138931098
"GAMLSS","F","area","rh_medialorbitofrontal_area",50,50,0.0701886575842339
"GAMLSS","F","area","rh_middletemporal_area",50,50,0.071214075023948
"GAMLSS","F","area","rh_parahippocampal_area",50,50,0.0492454678296532
"GAMLSS","F","area","rh_paracentral_area",50,50,0.0666522818851127
"GAMLSS","F","area","rh_parsopercularis_area",50,50,0.0837482798786639
"GAMLSS","F","area","rh_parsorbitalis_area",50,50,0.0739336332008372
"GAMLSS","F","area","rh_parstriangularis_area",50,50,0.071622550094896
"GAMLSS","F","area","rh_pericalcarine_area",50,50,0.0649435027575505
"GAMLSS","F","area","rh_postcentral_area",50,50,0.0679212635179546
"GAMLSS","F","area","rh_posteriorcingulate_area",50,50,0.0645563949203637
"GAMLSS","F","area","rh_precentral_area",50,50,0.0724556445281126
"GAMLSS","F","area","rh_precuneus_area",50,50,0.0699498294251314
"GAMLSS","F","area","rh_rostralanteriorcingulate_area",50,50,0.0645140184781252
"GAMLSS","F","area","rh_rostralmiddlefrontal_area",50,50,0.0734567865360451
"GAMLSS","F","area","rh_superiorfrontal_area",50,50,0.0666943735480407
"GAMLSS","F","area","rh_superiorparietal_area",50,50,0.077209167333488
"GAMLSS","F","area","rh_superiortemporal_area",50,50,0.0837951911328068
"GAMLSS","F","area","rh_supramarginal_area",50,50,0.0582443948630211
"GAMLSS","F","area","rh_frontalpole_area",50,50,0.0768902384610812
"GAMLSS","F","area","rh_temporalpole_area",50,50,0.068444063570376
"GAMLSS","F","area","rh_transversetemporal_area",50,50,0.0571579449597259
"GAMLSS","F","area","rh_insula_area",50,50,0.0668323005633579
"GAMLSS","F","area","lh_bankssts_area",75,62,0
"GAMLSS","F","area","lh_caudalanteriorcingulate_area",75,62,0
"GAMLSS","F","area","lh_caudalmiddlefrontal_area",75,62,0
"GAMLSS","F","area","lh_cuneus_area",75,62,0
"GAMLSS","F","area","lh_entorhinal_area",75,62,0
"GAMLSS","F","area","lh_fusiform_area",75,62,0
"GAMLSS","F","area","lh_inferiorparietal_area",75,62,0
"GAMLSS","F","area","lh_inferiortemporal_area",75,62,0
"GAMLSS","F","area","lh_isthmuscingulate_area",75,62,0
"GAMLSS","F","area","lh_lateraloccipital_area",75,62,0
"GAMLSS","F","area","lh_lateralorbitofrontal_area",75,62,0
"GAMLSS","F","area","lh_lingual_area",75,62,0
"GAMLSS","F","area","lh_medialorbitofrontal_area",75,62,0
"GAMLSS","F","area","lh_middletemporal_area",75,62,0
"GAMLSS","F","area","lh_parahippocampal_area",75,62,0
"GAMLSS","F","area","lh_paracentral_area",75,62,0
"GAMLSS","F","area","lh_parsopercularis_area",75,62,0
"GAMLSS","F","area","lh_parsorbitalis_area",75,62,0
"GAMLSS","F","area","lh_parstriangularis_area",75,62,0
"GAMLSS","F","area","lh_pericalcarine_area",75,62,0
"GAMLSS","F","area","lh_postcentral_area",75,62,0
"GAMLSS","F","area","lh_posteriorcingulate_area",75,62,0
"GAMLSS","F","area","lh_precentral_area",75,62,0
"GAMLSS","F","area","lh_precuneus_area",75,62,0
"GAMLSS","F","area","lh_rostralanteriorcingulate_area",75,62,0
"GAMLSS","F","area","lh_rostralmiddlefrontal_area",75,62,0
"GAMLSS","F","area","lh_superiorfrontal_area",75,62,0
"GAMLSS","F","area","lh_superiorparietal_area",75,62,0
"GAMLSS","F","area","lh_superiortemporal_area",75,62,0
"GAMLSS","F","area","lh_supramarginal_area",75,62,0
"GAMLSS","F","area","lh_frontalpole_area",75,62,0
"GAMLSS","F","area","lh_temporalpole_area",75,62,0
"GAMLSS","F","area","lh_transversetemporal_area",75,62,0
"GAMLSS","F","area","lh_insula_area",75,62,0
"GAMLSS","F","area","rh_bankssts_area",75,62,0
"GAMLSS","F","area","rh_caudalanteriorcingulate_area",75,62,0
"GAMLSS","F","area","rh_caudalmiddlefrontal_area",75,62,0
"GAMLSS","F","area","rh_cuneus_area",75,62,0
"GAMLSS","F","area","rh_entorhinal_area",75,62,0
"GAMLSS","F","area","rh_fusiform_area",75,62,0
"GAMLSS","F","area","rh_inferiorparietal_area",75,62,0
"GAMLSS","F","area","rh_inferiortemporal_area",75,62,0
"GAMLSS","F","area","rh_isthmuscingulate_area",75,62,0
"GAMLSS","F","area","rh_lateraloccipital_area",75,62,0
"GAMLSS","F","area","rh_lateralorbitofrontal_area",75,62,0
"GAMLSS","F","area","rh_lingual_area",75,62,0
"GAMLSS","F","area","rh_medialorbitofrontal_area",75,62,0
"GAMLSS","F","area","rh_middletemporal_area",75,62,0
"GAMLSS","F","area","rh_parahippocampal_area",75,62,0
"GAMLSS","F","area","rh_paracentral_area",75,62,0
"GAMLSS","F","area","rh_parsopercularis_area",75,62,0
"GAMLSS","F","area","rh_parsorbitalis_area",75,62,0
"GAMLSS","F","area","rh_parstriangularis_area",75,62,0
"GAMLSS","F","area","rh_pericalcarine_area",75,62,0
"GAMLSS","F","area","rh_postcentral_area",75,62,0
"GAMLSS","F","area","rh_posteriorcingulate_area",75,62,0
"GAMLSS","F","area","rh_precentral_area",75,62,0
"GAMLSS","F","area","rh_precuneus_area",75,62,0
"GAMLSS","F","area","rh_rostralanteriorcingulate_area",75,62,0
"GAMLSS","F","area","rh_rostralmiddlefrontal_area",75,62,0
"GAMLSS","F","area","rh_superiorfrontal_area",75,62,0
"GAMLSS","F","area","rh_superiorparietal_area",75,62,0
"GAMLSS","F","area","rh_superiortemporal_area",75,62,0
"GAMLSS","F","area","rh_supramarginal_area",75,62,0
"GAMLSS","F","area","rh_frontalpole_area",75,62,0
"GAMLSS","F","area","rh_temporalpole_area",75,62,0
"GAMLSS","F","area","rh_transversetemporal_area",75,62,0
"GAMLSS","F","area","rh_insula_area",75,62,0
"GAMLSS","F","area","lh_bankssts_area",100,62,0
"GAMLSS","F","area","lh_caudalanteriorcingulate_area",100,62,0
"GAMLSS","F","area","lh_caudalmiddlefrontal_area",100,62,0
"GAMLSS","F","area","lh_cuneus_area",100,62,0
"GAMLSS","F","area","lh_entorhinal_area",100,62,0
"GAMLSS","F","area","lh_fusiform_area",100,62,0
"GAMLSS","F","area","lh_inferiorparietal_area",100,62,0
"GAMLSS","F","area","lh_inferiortemporal_area",100,62,0
"GAMLSS","F","area","lh_isthmuscingulate_area",100,62,0
"GAMLSS","F","area","lh_lateraloccipital_area",100,62,0
"GAMLSS","F","area","lh_lateralorbitofrontal_area",100,62,0
"GAMLSS","F","area","lh_lingual_area",100,62,0
"GAMLSS","F","area","lh_medialorbitofrontal_area",100,62,0
"GAMLSS","F","area","lh_middletemporal_area",100,62,0
"GAMLSS","F","area","lh_parahippocampal_area",100,62,0
"GAMLSS","F","area","lh_paracentral_area",100,62,0
"GAMLSS","F","area","lh_parsopercularis_area",100,62,0
"GAMLSS","F","area","lh_parsorbitalis_area",100,62,0
"GAMLSS","F","area","lh_parstriangularis_area",100,62,0
"GAMLSS","F","area","lh_pericalcarine_area",100,62,0
"GAMLSS","F","area","lh_postcentral_area",100,62,0
"GAMLSS","F","area","lh_posteriorcingulate_area",100,62,0
"GAMLSS","F","area","lh_precentral_area",100,62,0
"GAMLSS","F","area","lh_precuneus_area",100,62,0
"GAMLSS","F","area","lh_rostralanteriorcingulate_area",100,62,0
"GAMLSS","F","area","lh_rostralmiddlefrontal_area",100,62,0
"GAMLSS","F","area","lh_superiorfrontal_area",100,62,0
"GAMLSS","F","area","lh_superiorparietal_area",100,62,0
"GAMLSS","F","area","lh_superiortemporal_area",100,62,0
"GAMLSS","F","area","lh_supramarginal_area",100,62,0
"GAMLSS","F","area","lh_frontalpole_area",100,62,0
"GAMLSS","F","area","lh_temporalpole_area",100,62,0
"GAMLSS","F","area","lh_transversetemporal_area",100,62,0
"GAMLSS","F","area","lh_insula_area",100,62,0
"GAMLSS","F","area","rh_bankssts_area",100,62,0
"GAMLSS","F","area","rh_caudalanteriorcingulate_area",100,62,0
"GAMLSS","F","area","rh_caudalmiddlefrontal_area",100,62,0
"GAMLSS","F","area","rh_cuneus_area",100,62,0
"GAMLSS","F","area","rh_entorhinal_area",100,62,0
"GAMLSS","F","area","rh_fusiform_area",100,62,0
"GAMLSS","F","area","rh_inferiorparietal_area",100,62,0
"GAMLSS","F","area","rh_inferiortemporal_area",100,62,0
"GAMLSS","F","area","rh_isthmuscingulate_area",100,62,0
"GAMLSS","F","area","rh_lateraloccipital_area",100,62,0
"GAMLSS","F","area","rh_lateralorbitofrontal_area",100,62,0
"GAMLSS","F","area","rh_lingual_area",100,62,0
"GAMLSS","F","area","rh_medialorbitofrontal_area",100,62,0
"GAMLSS","F","area","rh_middletemporal_area",100,62,0
"GAMLSS","F","area","rh_parahippocampal_area",100,62,0
"GAMLSS","F","area","rh_paracentral_area",100,62,0
"GAMLSS","F","area","rh_parsopercularis_area",100,62,0
"GAMLSS","F","area","rh_parsorbitalis_area",100,62,0
"GAMLSS","F","area","rh_parstriangularis_area",100,62,0
"GAMLSS","F","area","rh_pericalcarine_area",100,62,0
"GAMLSS","F","area","rh_postcentral_area",100,62,0
"GAMLSS","F","area","rh_posteriorcingulate_area",100,62,0
"GAMLSS","F","area","rh_precentral_area",100,62,0
"GAMLSS","F","area","rh_precuneus_area",100,62,0
"GAMLSS","F","area","rh_rostralanteriorcingulate_area",100,62,0
"GAMLSS","F","area","rh_rostralmiddlefrontal_area",100,62,0
"GAMLSS","F","area","rh_superiorfrontal_area",100,62,0
"GAMLSS","F","area","rh_superiorparietal_area",100,62,0
"GAMLSS","F","area","rh_superiortemporal_area",100,62,0
"GAMLSS","F","area","rh_supramarginal_area",100,62,0
"GAMLSS","F","area","rh_frontalpole_area",100,62,0
"GAMLSS","F","area","rh_temporalpole_area",100,62,0
"GAMLSS","F","area","rh_transversetemporal_area",100,62,0
"GAMLSS","F","area","rh_insula_area",100,62,0
"GAMLSS","M","area","lh_bankssts_area",10,10,0.378776436733723
"GAMLSS","M","area","lh_caudalanteriorcingulate_area",10,10,0.353538166034941
"GAMLSS","M","area","lh_caudalmiddlefrontal_area",10,10,0.180711999421544
"GAMLSS","M","area","lh_cuneus_area",10,10,0.275791426258017
"GAMLSS","M","area","lh_entorhinal_area",10,10,0.289559196818365
"GAMLSS","M","area","lh_fusiform_area",10,10,0.22700472003531
"GAMLSS","M","area","lh_inferiorparietal_area",10,10,0.316578022902247
"GAMLSS","M","area","lh_inferiortemporal_area",10,10,0.260822610007844
"GAMLSS","M","area","lh_isthmuscingulate_area",10,10,0.256177621569443
"GAMLSS","M","area","lh_lateraloccipital_area",10,10,0.31398009341976
"GAMLSS","M","area","lh_lateralorbitofrontal_area",10,10,0.365518442405066
"GAMLSS","M","area","lh_lingual_area",10,10,0.253333542139495
"GAMLSS","M","area","lh_medialorbitofrontal_area",10,10,0.260613996930766
"GAMLSS","M","area","lh_middletemporal_area",10,10,0.248052831401479
"GAMLSS","M","area","lh_parahippocampal_area",10,10,0.226165101017921
"GAMLSS","M","area","lh_paracentral_area",10,10,0.276117711187152
"GAMLSS","M","area","lh_parsopercularis_area",10,10,0.270378108818977
"GAMLSS","M","area","lh_parsorbitalis_area",10,10,0.225688568357571
"GAMLSS","M","area","lh_parstriangularis_area",10,10,0.236998794061452
"GAMLSS","M","area","lh_pericalcarine_area",10,10,0.271847124747886
"GAMLSS","M","area","lh_postcentral_area",10,10,0.286820358551161
"GAMLSS","M","area","lh_posteriorcingulate_area",10,10,0.281492543953599
"GAMLSS","M","area","lh_precentral_area",10,10,0.245157763904137
"GAMLSS","M","area","lh_precuneus_area",10,10,0.311803900178289
"GAMLSS","M","area","lh_rostralanteriorcingulate_area",10,10,0.252272215067816
"GAMLSS","M","area","lh_rostralmiddlefrontal_area",10,10,0.206107898501337
"GAMLSS","M","area","lh_superiorfrontal_area",10,10,0.268103411449409
"GAMLSS","M","area","lh_superiorparietal_area",10,10,0.274548058806741
"GAMLSS","M","area","lh_superiortemporal_area",10,10,0.267599093089819
"GAMLSS","M","area","lh_supramarginal_area",10,10,0.282163557959015
"GAMLSS","M","area","lh_frontalpole_area",10,10,0.279019756300333
"GAMLSS","M","area","lh_temporalpole_area",10,10,0.301315490512667
"GAMLSS","M","area","lh_transversetemporal_area",10,10,0.258275400203569
"GAMLSS","M","area","lh_insula_area",10,10,0.244275852241194
"GAMLSS","M","area","rh_bankssts_area",10,10,0.292229318423007
"GAMLSS","M","area","rh_caudalanteriorcingulate_area",10,10,0.201157368817845
"GAMLSS","M","area","rh_caudalmiddlefrontal_area",10,10,0.197176379486704
"GAMLSS","M","area","rh_cuneus_area",10,10,0.248127559412984
"GAMLSS","M","area","rh_entorhinal_area",10,10,0.234515688833961
"GAMLSS","M","area","rh_fusiform_area",10,10,0.268969481053926
"GAMLSS","M","area","rh_inferiorparietal_area",10,10,0.328156168642448
"GAMLSS","M","area","rh_inferiortemporal_area",10,10,0.264664099627146
"GAMLSS","M","area","rh_isthmuscingulate_area",10,10,0.275729871553673
"GAMLSS","M","area","rh_lateraloccipital_area",10,10,0.299201718580114
"GAMLSS","M","area","rh_lateralorbitofrontal_area",10,10,0.314980027596214
"GAMLSS","M","area","rh_lingual_area",10,10,0.303514626126742
"GAMLSS","M","area","rh_medialorbitofrontal_area",10,10,0.263985675139765
"GAMLSS","M","area","rh_middletemporal_area",10,10,0.274142157434842
"GAMLSS","M","area","rh_parahippocampal_area",10,10,0.202013736862471
"GAMLSS","M","area","rh_paracentral_area",10,10,0.284669470703477
"GAMLSS","M","area","rh_parsopercularis_area",10,10,0.189209931811145
"GAMLSS","M","area","rh_parsorbitalis_area",10,10,0.26072285468922
"GAMLSS","M","area","rh_parstriangularis_area",10,10,0.215081034397976
"GAMLSS","M","area","rh_pericalcarine_area",10,10,0.257279962475031
"GAMLSS","M","area","rh_postcentral_area",10,10,0.285587065504861
"GAMLSS","M","area","rh_posteriorcingulate_area",10,10,0.320228926909037
"GAMLSS","M","area","rh_precentral_area",10,10,0.291492167902244
"GAMLSS","M","area","rh_precuneus_area",10,10,0.299360655200406
"GAMLSS","M","area","rh_rostralanteriorcingulate_area",10,10,0.2168890045569
"GAMLSS","M","area","rh_rostralmiddlefrontal_area",10,10,0.225220630092414
"GAMLSS","M","area","rh_superiorfrontal_area",10,10,0.269224965862388
"GAMLSS","M","area","rh_superiorparietal_area",10,10,0.286385038150965
"GAMLSS","M","area","rh_superiortemporal_area",10,10,0.259625999860171
"GAMLSS","M","area","rh_supramarginal_area",10,10,0.223291695988967
"GAMLSS","M","area","rh_frontalpole_area",10,10,0.268520110577298
"GAMLSS","M","area","rh_temporalpole_area",10,10,0.256349982967396
"GAMLSS","M","area","rh_transversetemporal_area",10,10,0.24039275919995
"GAMLSS","M","area","rh_insula_area",10,10,0.258953447092404
"GAMLSS","M","area","lh_bankssts_area",20,20,0.161257744836769
"GAMLSS","M","area","lh_caudalanteriorcingulate_area",20,20,0.178689122227765
"GAMLSS","M","area","lh_caudalmiddlefrontal_area",20,20,0.122240581912899
"GAMLSS","M","area","lh_cuneus_area",20,20,0.134088584103592
"GAMLSS","M","area","lh_entorhinal_area",20,20,0.15997656046282
"GAMLSS","M","area","lh_fusiform_area",20,20,0.12075900647339
"GAMLSS","M","area","lh_inferiorparietal_area",20,20,0.151490908497471
"GAMLSS","M","area","lh_inferiortemporal_area",20,20,0.147819922292711
"GAMLSS","M","area","lh_isthmuscingulate_area",20,20,0.146822074755886
"GAMLSS","M","area","lh_lateraloccipital_area",20,20,0.163006027213734
"GAMLSS","M","area","lh_lateralorbitofrontal_area",20,20,0.235948294757956
"GAMLSS","M","area","lh_lingual_area",20,20,0.137889145930802
"GAMLSS","M","area","lh_medialorbitofrontal_area",20,20,0.153900195481628
"GAMLSS","M","area","lh_middletemporal_area",20,20,0.124740495069972
"GAMLSS","M","area","lh_parahippocampal_area",20,20,0.119750373206847
"GAMLSS","M","area","lh_paracentral_area",20,20,0.148138795366086
"GAMLSS","M","area","lh_parsopercularis_area",20,20,0.151854346783087
"GAMLSS","M","area","lh_parsorbitalis_area",20,20,0.144949854924699
"GAMLSS","M","area","lh_parstriangularis_area",20,20,0.140041755444787
"GAMLSS","M","area","lh_pericalcarine_area",20,20,0.137916499004546
"GAMLSS","M","area","lh_postcentral_area",20,20,0.154779110394527
"GAMLSS","M","area","lh_posteriorcingulate_area",20,20,0.146952241966719
"GAMLSS","M","area","lh_precentral_area",20,20,0.129114907576375
"GAMLSS","M","area","lh_precuneus_area",20,20,0.201061272465277
"GAMLSS","M","area","lh_rostralanteriorcingulate_area",20,20,0.14578065058466
"GAMLSS","M","area","lh_rostralmiddlefrontal_area",20,20,0.105981843025272
"GAMLSS","M","area","lh_superiorfrontal_area",20,20,0.134328113446909
"GAMLSS","M","area","lh_superiorparietal_area",20,20,0.178081608703464
"GAMLSS","M","area","lh_superiortemporal_area",20,20,0.149664531872908
"GAMLSS","M","area","lh_supramarginal_area",20,20,0.157884947205379
"GAMLSS","M","area","lh_frontalpole_area",20,20,0.14862451079979
"GAMLSS","M","area","lh_temporalpole_area",20,20,0.179818520448054
"GAMLSS","M","area","lh_transversetemporal_area",20,20,0.144913951045242
"GAMLSS","M","area","lh_insula_area",20,20,0.149681533243569
"GAMLSS","M","area","rh_bankssts_area",20,20,0.148720015130981
"GAMLSS","M","area","rh_caudalanteriorcingulate_area",20,20,0.131332754503618
"GAMLSS","M","area","rh_caudalmiddlefrontal_area",20,20,0.121966204357308
"GAMLSS","M","area","rh_cuneus_area",20,20,0.152677491960519
"GAMLSS","M","area","rh_entorhinal_area",20,20,0.128767272086694
"GAMLSS","M","area","rh_fusiform_area",20,20,0.148885070432788
"GAMLSS","M","area","rh_inferiorparietal_area",20,20,0.1949874698893
"GAMLSS","M","area","rh_inferiortemporal_area",20,20,0.140189949557824
"GAMLSS","M","area","rh_isthmuscingulate_area",20,20,0.160581601500255
"GAMLSS","M","area","rh_lateraloccipital_area",20,20,0.179014653714908
"GAMLSS","M","area","rh_lateralorbitofrontal_area",20,20,0.197156820825885
"GAMLSS","M","area","rh_lingual_area",20,20,0.157773803164948
"GAMLSS","M","area","rh_medialorbitofrontal_area",20,20,0.165420636485633
"GAMLSS","M","area","rh_middletemporal_area",20,20,0.135568628134844
"GAMLSS","M","area","rh_parahippocampal_area",20,20,0.128043884936418
"GAMLSS","M","area","rh_paracentral_area",20,20,0.172346382118308
"GAMLSS","M","area","rh_parsopercularis_area",20,20,0.118992548830862
"GAMLSS","M","area","rh_parsorbitalis_area",20,20,0.156634022676996
"GAMLSS","M","area","rh_parstriangularis_area",20,20,0.120342350317281
"GAMLSS","M","area","rh_pericalcarine_area",20,20,0.147944275209202
"GAMLSS","M","area","rh_postcentral_area",20,20,0.133672589389671
"GAMLSS","M","area","rh_posteriorcingulate_area",20,20,0.176215151939684
"GAMLSS","M","area","rh_precentral_area",20,20,0.140746984350532
"GAMLSS","M","area","rh_precuneus_area",20,20,0.166967957492751
"GAMLSS","M","area","rh_rostralanteriorcingulate_area",20,20,0.139246772603801
"GAMLSS","M","area","rh_rostralmiddlefrontal_area",20,20,0.139405234286545
"GAMLSS","M","area","rh_superiorfrontal_area",20,20,0.1352950126256
"GAMLSS","M","area","rh_superiorparietal_area",20,20,0.175107914422092
"GAMLSS","M","area","rh_superiortemporal_area",20,20,0.143044771602954
"GAMLSS","M","area","rh_supramarginal_area",20,20,0.132020098288601
"GAMLSS","M","area","rh_frontalpole_area",20,20,0.146740127617508
"GAMLSS","M","area","rh_temporalpole_area",20,20,0.171591276314282
"GAMLSS","M","area","rh_transversetemporal_area",20,20,0.155986112863718
"GAMLSS","M","area","rh_insula_area",20,20,0.141369540583807
"GAMLSS","M","area","lh_bankssts_area",30,30,0.0978734037757324
"GAMLSS","M","area","lh_caudalanteriorcingulate_area",30,30,0.0935220485265755
"GAMLSS","M","area","lh_caudalmiddlefrontal_area",30,30,0.0612101219914664
"GAMLSS","M","area","lh_cuneus_area",30,30,0.0744747369487483
"GAMLSS","M","area","lh_entorhinal_area",30,30,0.0858731063238821
"GAMLSS","M","area","lh_fusiform_area",30,30,0.0709386023004779
"GAMLSS","M","area","lh_inferiorparietal_area",30,30,0.0825321010972
"GAMLSS","M","area","lh_inferiortemporal_area",30,30,0.0827961204007545
"GAMLSS","M","area","lh_isthmuscingulate_area",30,30,0.0747960610345832
"GAMLSS","M","area","lh_lateraloccipital_area",30,30,0.0929781039321424
"GAMLSS","M","area","lh_lateralorbitofrontal_area",30,30,0.114483320270584
"GAMLSS","M","area","lh_lingual_area",30,30,0.0879566622579561
"GAMLSS","M","area","lh_medialorbitofrontal_area",30,30,0.0844428273416628
"GAMLSS","M","area","lh_middletemporal_area",30,30,0.0668379764423898
"GAMLSS","M","area","lh_parahippocampal_area",30,30,0.0731299853792858
"GAMLSS","M","area","lh_paracentral_area",30,30,0.0862194063295552
"GAMLSS","M","area","lh_parsopercularis_area",30,30,0.0784253167832566
"GAMLSS","M","area","lh_parsorbitalis_area",30,30,0.0654190303818633
"GAMLSS","M","area","lh_parstriangularis_area",30,30,0.0677421061226684
"GAMLSS","M","area","lh_pericalcarine_area",30,30,0.0871732917844424
"GAMLSS","M","area","lh_postcentral_area",30,30,0.082913640402067
"GAMLSS","M","area","lh_posteriorcingulate_area",30,30,0.0771301441844365
"GAMLSS","M","area","lh_precentral_area",30,30,0.0786773746956596
"GAMLSS","M","area","lh_precuneus_area",30,30,0.102713691919108
"GAMLSS","M","area","lh_rostralanteriorcingulate_area",30,30,0.0779756632892155
"GAMLSS","M","area","lh_rostralmiddlefrontal_area",30,30,0.0556962146336445
"GAMLSS","M","area","lh_superiorfrontal_area",30,30,0.0802517888080993
"GAMLSS","M","area","lh_superiorparietal_area",30,30,0.0859157764929459
"GAMLSS","M","area","lh_superiortemporal_area",30,30,0.0751036613417959
"GAMLSS","M","area","lh_supramarginal_area",30,30,0.0763611159637866
"GAMLSS","M","area","lh_frontalpole_area",30,30,0.0810085990189123
"GAMLSS","M","area","lh_temporalpole_area",30,30,0.0921899307544192
"GAMLSS","M","area","lh_transversetemporal_area",30,30,0.0704961715497641
"GAMLSS","M","area","lh_insula_area",30,30,0.0783713747402306
"GAMLSS","M","area","rh_bankssts_area",30,30,0.0856114617328335
"GAMLSS","M","area","rh_caudalanteriorcingulate_area",30,30,0.0713801738358233
"GAMLSS","M","area","rh_caudalmiddlefrontal_area",30,30,0.0645007837842527
"GAMLSS","M","area","rh_cuneus_area",30,30,0.0824879115083861
"GAMLSS","M","area","rh_entorhinal_area",30,30,0.0753376742348668
"GAMLSS","M","area","rh_fusiform_area",30,30,0.0819833764376232
"GAMLSS","M","area","rh_inferiorparietal_area",30,30,0.0950885161809879
"GAMLSS","M","area","rh_inferiortemporal_area",30,30,0.0805320266587887
"GAMLSS","M","area","rh_isthmuscingulate_area",30,30,0.0972662376730999
"GAMLSS","M","area","rh_lateraloccipital_area",30,30,0.0923763506720671
"GAMLSS","M","area","rh_lateralorbitofrontal_area",30,30,0.11414555827733
"GAMLSS","M","area","rh_lingual_area",30,30,0.104610490412481
"GAMLSS","M","area","rh_medialorbitofrontal_area",30,30,0.0975386287230597
"GAMLSS","M","area","rh_middletemporal_area",30,30,0.0678136327568492
"GAMLSS","M","area","rh_parahippocampal_area",30,30,0.071808179595915
"GAMLSS","M","area","rh_paracentral_area",30,30,0.0896108524747206
"GAMLSS","M","area","rh_parsopercularis_area",30,30,0.0584814836793795
"GAMLSS","M","area","rh_parsorbitalis_area",30,30,0.0792492443380639
"GAMLSS","M","area","rh_parstriangularis_area",30,30,0.0639169011444091
"GAMLSS","M","area","rh_pericalcarine_area",30,30,0.0845943013158866
"GAMLSS","M","area","rh_postcentral_area",30,30,0.0812453751412621
"GAMLSS","M","area","rh_posteriorcingulate_area",30,30,0.091959413624932
"GAMLSS","M","area","rh_precentral_area",30,30,0.0820191688800345
"GAMLSS","M","area","rh_precuneus_area",30,30,0.0976756649587223
"GAMLSS","M","area","rh_rostralanteriorcingulate_area",30,30,0.072551493831867
"GAMLSS","M","area","rh_rostralmiddlefrontal_area",30,30,0.0659433521383778
"GAMLSS","M","area","rh_superiorfrontal_area",30,30,0.0786908118221937
"GAMLSS","M","area","rh_superiorparietal_area",30,30,0.0952313417514477
"GAMLSS","M","area","rh_superiortemporal_area",30,30,0.0766885923188305
"GAMLSS","M","area","rh_supramarginal_area",30,30,0.0731777415935508
"GAMLSS","M","area","rh_frontalpole_area",30,30,0.0737923533126028
"GAMLSS","M","area","rh_temporalpole_area",30,30,0.0829141872506887
"GAMLSS","M","area","rh_transversetemporal_area",30,30,0.0775504858591548
"GAMLSS","M","area","rh_insula_area",30,30,0.0754724303281016
"GAMLSS","M","area","lh_bankssts_area",50,38,0
"GAMLSS","M","area","lh_caudalanteriorcingulate_area",50,38,0
"GAMLSS","M","area","lh_caudalmiddlefrontal_area",50,38,0
"GAMLSS","M","area","lh_cuneus_area",50,38,0
"GAMLSS","M","area","lh_entorhinal_area",50,38,0
"GAMLSS","M","area","lh_fusiform_area",50,38,0
"GAMLSS","M","area","lh_inferiorparietal_area",50,38,0
"GAMLSS","M","area","lh_inferiortemporal_area",50,38,0
"GAMLSS","M","area","lh_isthmuscingulate_area",50,38,0
"GAMLSS","M","area","lh_lateraloccipital_area",50,38,0
"GAMLSS","M","area","lh_lateralorbitofrontal_area",50,38,0
"GAMLSS","M","area","lh_lingual_area",50,38,0
"GAMLSS","M","area","lh_medialorbitofrontal_area",50,38,0
"GAMLSS","M","area","lh_middletemporal_area",50,38,0
"GAMLSS","M","area","lh_parahippocampal_area",50,38,0
"GAMLSS","M","area","lh_paracentral_area",50,38,0
"GAMLSS","M","area","lh_parsopercularis_area",50,38,0
"GAMLSS","M","area","lh_parsorbitalis_area",50,38,0
"GAMLSS","M","area","lh_parstriangularis_area",50,38,0
"GAMLSS","M","area","lh_pericalcarine_area",50,38,0
"GAMLSS","M","area","lh_postcentral_area",50,38,0
"GAMLSS","M","area","lh_posteriorcingulate_area",50,38,0
"GAMLSS","M","area","lh_precentral_area",50,38,0
"GAMLSS","M","area","lh_precuneus_area",50,38,0
"GAMLSS","M","area","lh_rostralanteriorcingulate_area",50,38,0
"GAMLSS","M","area","lh_rostralmiddlefrontal_area",50,38,0
"GAMLSS","M","area","lh_superiorfrontal_area",50,38,0
"GAMLSS","M","area","lh_superiorparietal_area",50,38,0
"GAMLSS","M","area","lh_superiortemporal_area",50,38,0
"GAMLSS","M","area","lh_supramarginal_area",50,38,0
"GAMLSS","M","area","lh_frontalpole_area",50,38,0
"GAMLSS","M","area","lh_temporalpole_area",50,38,0
"GAMLSS","M","area","lh_transversetemporal_area",50,38,0
"GAMLSS","M","area","lh_insula_area",50,38,0
"GAMLSS","M","area","rh_bankssts_area",50,38,0
"GAMLSS","M","area","rh_caudalanteriorcingulate_area",50,38,0
"GAMLSS","M","area","rh_caudalmiddlefrontal_area",50,38,0
"GAMLSS","M","area","rh_cuneus_area",50,38,0
"GAMLSS","M","area","rh_entorhinal_area",50,38,0
"GAMLSS","M","area","rh_fusiform_area",50,38,0
"GAMLSS","M","area","rh_inferiorparietal_area",50,38,0
"GAMLSS","M","area","rh_inferiortemporal_area",50,38,0
"GAMLSS","M","area","rh_isthmuscingulate_area",50,38,0
"GAMLSS","M","area","rh_lateraloccipital_area",50,38,0
"GAMLSS","M","area","rh_lateralorbitofrontal_area",50,38,0
"GAMLSS","M","area","rh_lingual_area",50,38,0
"GAMLSS","M","area","rh_medialorbitofrontal_area",50,38,0
"GAMLSS","M","area","rh_middletemporal_area",50,38,0
"GAMLSS","M","area","rh_parahippocampal_area",50,38,0
"GAMLSS","M","area","rh_paracentral_area",50,38,0
"GAMLSS","M","area","rh_parsopercularis_area",50,38,0
"GAMLSS","M","area","rh_parsorbitalis_area",50,38,0
"GAMLSS","M","area","rh_parstriangularis_area",50,38,0
"GAMLSS","M","area","rh_pericalcarine_area",50,38,0
"GAMLSS","M","area","rh_postcentral_area",50,38,0
"GAMLSS","M","area","rh_posteriorcingulate_area",50,38,0
"GAMLSS","M","area","rh_precentral_area",50,38,0
"GAMLSS","M","area","rh_precuneus_area",50,38,0
"GAMLSS","M","area","rh_rostralanteriorcingulate_area",50,38,0
"GAMLSS","M","area","rh_rostralmiddlefrontal_area",50,38,0
"GAMLSS","M","area","rh_superiorfrontal_area",50,38,0
"GAMLSS","M","area","rh_superiorparietal_area",50,38,0
"GAMLSS","M","area","rh_superiortemporal_area",50,38,0
"GAMLSS","M","area","rh_supramarginal_area",50,38,0
"GAMLSS","M","area","rh_frontalpole_area",50,38,0
"GAMLSS","M","area","rh_temporalpole_area",50,38,0
"GAMLSS","M","area","rh_transversetemporal_area",50,38,0
"GAMLSS","M","area","rh_insula_area",50,38,0
"GAMLSS","M","area","lh_bankssts_area",75,38,0
"GAMLSS","M","area","lh_caudalanteriorcingulate_area",75,38,0
"GAMLSS","M","area","lh_caudalmiddlefrontal_area",75,38,0
"GAMLSS","M","area","lh_cuneus_area",75,38,0
"GAMLSS","M","area","lh_entorhinal_area",75,38,0
"GAMLSS","M","area","lh_fusiform_area",75,38,0
"GAMLSS","M","area","lh_inferiorparietal_area",75,38,0
"GAMLSS","M","area","lh_inferiortemporal_area",75,38,0
"GAMLSS","M","area","lh_isthmuscingulate_area",75,38,0
"GAMLSS","M","area","lh_lateraloccipital_area",75,38,0
"GAMLSS","M","area","lh_lateralorbitofrontal_area",75,38,0
"GAMLSS","M","area","lh_lingual_area",75,38,0
"GAMLSS","M","area","lh_medialorbitofrontal_area",75,38,0
"GAMLSS","M","area","lh_middletemporal_area",75,38,0
"GAMLSS","M","area","lh_parahippocampal_area",75,38,0
"GAMLSS","M","area","lh_paracentral_area",75,38,0
"GAMLSS","M","area","lh_parsopercularis_area",75,38,0
"GAMLSS","M","area","lh_parsorbitalis_area",75,38,0
"GAMLSS","M","area","lh_parstriangularis_area",75,38,0
"GAMLSS","M","area","lh_pericalcarine_area",75,38,0
"GAMLSS","M","area","lh_postcentral_area",75,38,0
"GAMLSS","M","area","lh_posteriorcingulate_area",75,38,0
"GAMLSS","M","area","lh_precentral_area",75,38,0
"GAMLSS","M","area","lh_precuneus_area",75,38,0
"GAMLSS","M","area","lh_rostralanteriorcingulate_area",75,38,0
"GAMLSS","M","area","lh_rostralmiddlefrontal_area",75,38,0
"GAMLSS","M","area","lh_superiorfrontal_area",75,38,0
"GAMLSS","M","area","lh_superiorparietal_area",75,38,0
"GAMLSS","M","area","lh_superiortemporal_area",75,38,0
"GAMLSS","M","area","lh_supramarginal_area",75,38,0
"GAMLSS","M","area","lh_frontalpole_area",75,38,0
"GAMLSS","M","area","lh_temporalpole_area",75,38,0
"GAMLSS","M","area","lh_transversetemporal_area",75,38,0
"GAMLSS","M","area","lh_insula_area",75,38,0
"GAMLSS","M","area","rh_bankssts_area",75,38,0
"GAMLSS","M","area","rh_caudalanteriorcingulate_area",75,38,0
"GAMLSS","M","area","rh_caudalmiddlefrontal_area",75,38,0
"GAMLSS","M","area","rh_cuneus_area",75,38,0
"GAMLSS","M","area","rh_entorhinal_area",75,38,0
"GAMLSS","M","area","rh_fusiform_area",75,38,0
"GAMLSS","M","area","rh_inferiorparietal_area",75,38,0
"GAMLSS","M","area","rh_inferiortemporal_area",75,38,0
"GAMLSS","M","area","rh_isthmuscingulate_area",75,38,0
"GAMLSS","M","area","rh_lateraloccipital_area",75,38,0
"GAMLSS","M","area","rh_lateralorbitofrontal_area",75,38,0
"GAMLSS","M","area","rh_lingual_area",75,38,0
"GAMLSS","M","area","rh_medialorbitofrontal_area",75,38,0
"GAMLSS","M","area","rh_middletemporal_area",75,38,0
"GAMLSS","M","area","rh_parahippocampal_area",75,38,0
"GAMLSS","M","area","rh_paracentral_area",75,38,0
"GAMLSS","M","area","rh_parsopercularis_area",75,38,0
"GAMLSS","M","area","rh_parsorbitalis_area",75,38,0
"GAMLSS","M","area","rh_parstriangularis_area",75,38,0
"GAMLSS","M","area","rh_pericalcarine_area",75,38,0
"GAMLSS","M","area","rh_postcentral_area",75,38,0
"GAMLSS","M","area","rh_posteriorcingulate_area",75,38,0
"GAMLSS","M","area","rh_precentral_area",75,38,0
"GAMLSS","M","area","rh_precuneus_area",75,38,0
"GAMLSS","M","area","rh_rostralanteriorcingulate_area",75,38,0
"GAMLSS","M","area","rh_rostralmiddlefrontal_area",75,38,0
"GAMLSS","M","area","rh_superiorfrontal_area",75,38,0
"GAMLSS","M","area","rh_superiorparietal_area",75,38,0
"GAMLSS","M","area","rh_superiortemporal_area",75,38,0
"GAMLSS","M","area","rh_supramarginal_area",75,38,0
"GAMLSS","M","area","rh_frontalpole_area",75,38,0
"GAMLSS","M","area","rh_temporalpole_area",75,38,0
"GAMLSS","M","area","rh_transversetemporal_area",75,38,0
"GAMLSS","M","area","rh_insula_area",75,38,0
"GAMLSS","M","area","lh_bankssts_area",100,38,0
"GAMLSS","M","area","lh_caudalanteriorcingulate_area",100,38,0
"GAMLSS","M","area","lh_caudalmiddlefrontal_area",100,38,0
"GAMLSS","M","area","lh_cuneus_area",100,38,0
"GAMLSS","M","area","lh_entorhinal_area",100,38,0
"GAMLSS","M","area","lh_fusiform_area",100,38,0
"GAMLSS","M","area","lh_inferiorparietal_area",100,38,0
"GAMLSS","M","area","lh_inferiortemporal_area",100,38,0
"GAMLSS","M","area","lh_isthmuscingulate_area",100,38,0
"GAMLSS","M","area","lh_lateraloccipital_area",100,38,0
"GAMLSS","M","area","lh_lateralorbitofrontal_area",100,38,0
"GAMLSS","M","area","lh_lingual_area",100,38,0
"GAMLSS","M","area","lh_medialorbitofrontal_area",100,38,0
"GAMLSS","M","area","lh_middletemporal_area",100,38,0
"GAMLSS","M","area","lh_parahippocampal_area",100,38,0
"GAMLSS","M","area","lh_paracentral_area",100,38,0
"GAMLSS","M","area","lh_parsopercularis_area",100,38,0
"GAMLSS","M","area","lh_parsorbitalis_area",100,38,0
"GAMLSS","M","area","lh_parstriangularis_area",100,38,0
"GAMLSS","M","area","lh_pericalcarine_area",100,38,0
"GAMLSS","M","area","lh_postcentral_area",100,38,0
"GAMLSS","M","area","lh_posteriorcingulate_area",100,38,0
"GAMLSS","M","area","lh_precentral_area",100,38,0
"GAMLSS","M","area","lh_precuneus_area",100,38,0
"GAMLSS","M","area","lh_rostralanteriorcingulate_area",100,38,0
"GAMLSS","M","area","lh_rostralmiddlefrontal_area",100,38,0
"GAMLSS","M","area","lh_superiorfrontal_area",100,38,0
"GAMLSS","M","area","lh_superiorparietal_area",100,38,0
"GAMLSS","M","area","lh_superiortemporal_area",100,38,0
"GAMLSS","M","area","lh_supramarginal_area",100,38,0
"GAMLSS","M","area","lh_frontalpole_area",100,38,0
"GAMLSS","M","area","lh_temporalpole_area",100,38,0
"GAMLSS","M","area","lh_transversetemporal_area",100,38,0
"GAMLSS","M","area","lh_insula_area",100,38,0
"GAMLSS","M","area","rh_bankssts_area",100,38,0
"GAMLSS","M","area","rh_caudalanteriorcingulate_area",100,38,0
"GAMLSS","M","area","rh_caudalmiddlefrontal_area",100,38,0
"GAMLSS","M","area","rh_cuneus_area",100,38,0
"GAMLSS","M","area","rh_entorhinal_area",100,38,0
"GAMLSS","M","area","rh_fusiform_area",100,38,0
"GAMLSS","M","area","rh_inferiorparietal_area",100,38,0
"GAMLSS","M","area","rh_inferiortemporal_area",100,38,0
"GAMLSS","M","area","rh_isthmuscingulate_area",100,38,0
"GAMLSS","M","area","rh_lateraloccipital_area",100,38,0
"GAMLSS","M","area","rh_lateralorbitofrontal_area",100,38,0
"GAMLSS","M","area","rh_lingual_area",100,38,0
"GAMLSS","M","area","rh_medialorbitofrontal_area",100,38,0
"GAMLSS","M","area","rh_middletemporal_area",100,38,0
"GAMLSS","M","area","rh_parahippocampal_area",100,38,0
"GAMLSS","M","area","rh_paracentral_area",100,38,0
"GAMLSS","M","area","rh_parsopercularis_area",100,38,0
"GAMLSS","M","area","rh_parsorbitalis_area",100,38,0
"GAMLSS","M","area","rh_parstriangularis_area",100,38,0
"GAMLSS","M","area","rh_pericalcarine_area",100,38,0
"GAMLSS","M","area","rh_postcentral_area",100,38,0
"GAMLSS","M","area","rh_posteriorcingulate_area",100,38,0
"GAMLSS","M","area","rh_precentral_area",100,38,0
"GAMLSS","M","area","rh_precuneus_area",100,38,0
"GAMLSS","M","area","rh_rostralanteriorcingulate_area",100,38,0
"GAMLSS","M","area","rh_rostralmiddlefrontal_area",100,38,0
"GAMLSS","M","area","rh_superiorfrontal_area",100,38,0
"GAMLSS","M","area","rh_superiorparietal_area",100,38,0
"GAMLSS","M","area","rh_superiortemporal_area",100,38,0
"GAMLSS","M","area","rh_supramarginal_area",100,38,0
"GAMLSS","M","area","rh_frontalpole_area",100,38,0
"GAMLSS","M","area","rh_temporalpole_area",100,38,0
"GAMLSS","M","area","rh_transversetemporal_area",100,38,0
"GAMLSS","M","area","rh_insula_area",100,38,0
"GAMLSS","F","subcortical","Left-Thalamus",10,10,0.375496921110871
"GAMLSS","F","subcortical","Right-Thalamus",10,10,0.352465792895886
"GAMLSS","F","subcortical","Left-Caudate",10,10,0.242601887718972
"GAMLSS","F","subcortical","Right-Caudate",10,10,0.25473147032349
"GAMLSS","F","subcortical","Left-Putamen",10,10,0.293849783776907
"GAMLSS","F","subcortical","Right-Putamen",10,10,0.275205332671713
"GAMLSS","F","subcortical","Left-Pallidum",10,10,0.31073394756673
"GAMLSS","F","subcortical","Right-Pallidum",10,10,0.401615300251563
"GAMLSS","F","subcortical","Left-Hippocampus",10,10,0.291632552151754
"GAMLSS","F","subcortical","Right-Hippocampus",10,10,0.324632915683559
"GAMLSS","F","subcortical","Left-Amygdala",10,10,0.320186596847953
"GAMLSS","F","subcortical","Right-Amygdala",10,10,0.337756346987725
"GAMLSS","F","subcortical","Left-Accumbens-area",10,10,0.405242747298586
"GAMLSS","F","subcortical","Right-Accumbens-area",10,10,0.344924489486851
"GAMLSS","F","subcortical","Left-Thalamus",20,20,0.265372001782875
"GAMLSS","F","subcortical","Right-Thalamus",20,20,0.254462251463823
"GAMLSS","F","subcortical","Left-Caudate",20,20,0.169566087125788
"GAMLSS","F","subcortical","Right-Caudate",20,20,0.156127534630757
"GAMLSS","F","subcortical","Left-Putamen",20,20,0.168776658251594
"GAMLSS","F","subcortical","Right-Putamen",20,20,0.163995177856748
"GAMLSS","F","subcortical","Left-Pallidum",20,20,0.217220032044467
"GAMLSS","F","subcortical","Right-Pallidum",20,20,0.246828551350213
"GAMLSS","F","subcortical","Left-Hippocampus",20,20,0.173570721261375
"GAMLSS","F","subcortical","Right-Hippocampus",20,20,0.210962201419464
"GAMLSS","F","subcortical","Left-Amygdala",20,20,0.18600659666216
"GAMLSS","F","subcortical","Right-Amygdala",20,20,0.183106596377712
"GAMLSS","F","subcortical","Left-Accumbens-area",20,20,0.249930311944962
"GAMLSS","F","subcortical","Right-Accumbens-area",20,20,0.209369243048806
"GAMLSS","F","subcortical","Left-Thalamus",30,30,0.182247745339949
"GAMLSS","F","subcortical","Right-Thalamus",30,30,0.188794690838318
"GAMLSS","F","subcortical","Left-Caudate",30,30,0.110697704745548
"GAMLSS","F","subcortical","Right-Caudate",30,30,0.108773999440166
"GAMLSS","F","subcortical","Left-Putamen",30,30,0.128924579354962
"GAMLSS","F","subcortical","Right-Putamen",30,30,0.136892336876567
"GAMLSS","F","subcortical","Left-Pallidum",30,30,0.15761635680408
"GAMLSS","F","subcortical","Right-Pallidum",30,30,0.179565276520334
"GAMLSS","F","subcortical","Left-Hippocampus",30,30,0.143575426251814
"GAMLSS","F","subcortical","Right-Hippocampus",30,30,0.154184304327436
"GAMLSS","F","subcortical","Left-Amygdala",30,30,0.139084943338998
"GAMLSS","F","subcortical","Right-Amygdala",30,30,0.143553240696538
"GAMLSS","F","subcortical","Left-Accumbens-area",30,30,0.170960444556357
"GAMLSS","F","subcortical","Right-Accumbens-area",30,30,0.15261093858709
"GAMLSS","F","subcortical","Left-Thalamus",50,50,0.0789043946735035
"GAMLSS","F","subcortical","Right-Thalamus",50,50,0.0736726227115306
"GAMLSS","F","subcortical","Left-Caudate",50,50,0.0552912946666118
"GAMLSS","F","subcortical","Right-Caudate",50,50,0.0563852682805819
"GAMLSS","F","subcortical","Left-Putamen",50,50,0.0585716962190575
"GAMLSS","F","subcortical","Right-Putamen",50,50,0.0552981109607911
"GAMLSS","F","subcortical","Left-Pallidum",50,50,0.0713725135876873
"GAMLSS","F","subcortical","Right-Pallidum",50,50,0.0890706913565895
"GAMLSS","F","subcortical","Left-Hippocampus",50,50,0.0608599767118489
"GAMLSS","F","subcortical","Right-Hippocampus",50,50,0.0691744204583878
"GAMLSS","F","subcortical","Left-Amygdala",50,50,0.0634901116297104
"GAMLSS","F","subcortical","Right-Amygdala",50,50,0.0633858291273559
"GAMLSS","F","subcortical","Left-Accumbens-area",50,50,0.0837158699553353
"GAMLSS","F","subcortical","Right-Accumbens-area",50,50,0.0791296571431301
"GAMLSS","F","subcortical","Left-Thalamus",75,62,0
"GAMLSS","F","subcortical","Right-Thalamus",75,62,0
"GAMLSS","F","subcortical","Left-Caudate",75,62,0
"GAMLSS","F","subcortical","Right-Caudate",75,62,0
"GAMLSS","F","subcortical","Left-Putamen",75,62,0
"GAMLSS","F","subcortical","Right-Putamen",75,62,0
"GAMLSS","F","subcortical","Left-Pallidum",75,62,0
"GAMLSS","F","subcortical","Right-Pallidum",75,62,0
"GAMLSS","F","subcortical","Left-Hippocampus",75,62,0
"GAMLSS","F","subcortical","Right-Hippocampus",75,62,0
"GAMLSS","F","subcortical","Left-Amygdala",75,62,0
"GAMLSS","F","subcortical","Right-Amygdala",75,62,0
"GAMLSS","F","subcortical","Left-Accumbens-area",75,62,0
"GAMLSS","F","subcortical","Right-Accumbens-area",75,62,0
"GAMLSS","F","subcortical","Left-Thalamus",100,62,0
"GAMLSS","F","subcortical","Right-Thalamus",100,62,0
"GAMLSS","F","subcortical","Left-Caudate",100,62,0
"GAMLSS","F","subcortical","Right-Caudate",100,62,0
"GAMLSS","F","subcortical","Left-Putamen",100,62,0
"GAMLSS","F","subcortical","Right-Putamen",100,62,0
"GAMLSS","F","subcortical","Left-Pallidum",100,62,0
"GAMLSS","F","subcortical","Right-Pallidum",100,62,0
"GAMLSS","F","subcortical","Left-Hippocampus",100,62,0
"GAMLSS","F","subcortical","Right-Hippocampus",100,62,0
"GAMLSS","F","subcortical","Left-Amygdala",100,62,0
"GAMLSS","F","subcortical","Right-Amygdala",100,62,0
"GAMLSS","F","subcortical","Left-Accumbens-area",100,62,0
"GAMLSS","F","subcortical","Right-Accumbens-area",100,62,0
"GAMLSS","M","subcortical","Left-Thalamus",10,10,0.403819826305691
"GAMLSS","M","subcortical","Right-Thalamus",10,10,0.460690626990655
"GAMLSS","M","subcortical","Left-Caudate",10,10,0.296685358791212
"GAMLSS","M","subcortical","Right-Caudate",10,10,0.297939819588656
"GAMLSS","M","subcortical","Left-Putamen",10,10,0.309598542047442
"GAMLSS","M","subcortical","Right-Putamen",10,10,0.317140265571087
"GAMLSS","M","subcortical","Left-Pallidum",10,10,0.281085741829394
"GAMLSS","M","subcortical","Right-Pallidum",10,10,0.331779283388155
"GAMLSS","M","subcortical","Left-Hippocampus",10,10,0.313865928762113
"GAMLSS","M","subcortical","Right-Hippocampus",10,10,0.307981205450354
"GAMLSS","M","subcortical","Left-Amygdala",10,10,0.242150109583218
"GAMLSS","M","subcortical","Right-Amygdala",10,10,0.233452358721556
"GAMLSS","M","subcortical","Left-Accumbens-area",10,10,0.313411435466742
"GAMLSS","M","subcortical","Right-Accumbens-area",10,10,0.254204282835988
"GAMLSS","M","subcortical","Left-Thalamus",20,20,0.196900310786115
"GAMLSS","M","subcortical","Right-Thalamus",20,20,0.233522658243345
"GAMLSS","M","subcortical","Left-Caudate",20,20,0.172398163234739
"GAMLSS","M","subcortical","Right-Caudate",20,20,0.170463568902344
"GAMLSS","M","subcortical","Left-Putamen",20,20,0.16491986361226
"GAMLSS","M","subcortical","Right-Putamen",20,20,0.167528318991356
"GAMLSS","M","subcortical","Left-Pallidum",20,20,0.152846536537313
"GAMLSS","M","subcortical","Right-Pallidum",20,20,0.201566742559762
"GAMLSS","M","subcortical","Left-Hippocampus",20,20,0.17192333564316
"GAMLSS","M","subcortical","Right-Hippocampus",20,20,0.17317418283926
"GAMLSS","M","subcortical","Left-Amygdala",20,20,0.145176391844578
"GAMLSS","M","subcortical","Right-Amygdala",20,20,0.14576904073125
"GAMLSS","M","subcortical","Left-Accumbens-area",20,20,0.179904207059773
"GAMLSS","M","subcortical","Right-Accumbens-area",20,20,0.143049844354075
"GAMLSS","M","subcortical","Left-Thalamus",30,30,0.112701999203878
"GAMLSS","M","subcortical","Right-Thalamus",30,30,0.133592455330304
"GAMLSS","M","subcortical","Left-Caudate",30,30,0.0813155292025464
"GAMLSS","M","subcortical","Right-Caudate",30,30,0.0794039120300067
"GAMLSS","M","subcortical","Left-Putamen",30,30,0.0972703283275901
"GAMLSS","M","subcortical","Right-Putamen",30,30,0.101927657929511
"GAMLSS","M","subcortical","Left-Pallidum",30,30,0.0891459052848441
"GAMLSS","M","subcortical","Right-Pallidum",30,30,0.107733900188919
"GAMLSS","M","subcortical","Left-Hippocampus",30,30,0.103641972816273
"GAMLSS","M","subcortical","Right-Hippocampus",30,30,0.0934486976529127
"GAMLSS","M","subcortical","Left-Amygdala",30,30,0.0815070631619769
"GAMLSS","M","subcortical","Right-Amygdala",30,30,0.0748552490553923
"GAMLSS","M","subcortical","Left-Accumbens-area",30,30,0.0844862548230592
"GAMLSS","M","subcortical","Right-Accumbens-area",30,30,0.0719022991593463
"GAMLSS","M","subcortical","Left-Thalamus",50,38,0
"GAMLSS","M","subcortical","Right-Thalamus",50,38,0
"GAMLSS","M","subcortical","Left-Caudate",50,38,0
"GAMLSS","M","subcortical","Right-Caudate",50,38,0
"GAMLSS","M","subcortical","Left-Putamen",50,38,0
"GAMLSS","M","subcortical","Right-Putamen",50,38,0
"GAMLSS","M","subcortical","Left-Pallidum",50,38,0
"GAMLSS","M","subcortical","Right-Pallidum",50,38,0
"GAMLSS","M","subcortical","Left-Hippocampus",50,38,0
"GAMLSS","M","subcortical","Right-Hippocampus",50,38,0
"GAMLSS","M","subcortical","Left-Amygdala",50,38,0
"GAMLSS","M","subcortical","Right-Amygdala",50,38,0
"GAMLSS","M","subcortical","Left-Accumbens-area",50,38,0
"GAMLSS","M","subcortical","Right-Accumbens-area",50,38,0
"GAMLSS","M","subcortical","Left-Thalamus",75,38,0
"GAMLSS","M","subcortical","Right-Thalamus",75,38,0
"GAMLSS","M","subcortical","Left-Caudate",75,38,0
"GAMLSS","M","subcortical","Right-Caudate",75,38,0
"GAMLSS","M","subcortical","Left-Putamen",75,38,0
"GAMLSS","M","subcortical","Right-Putamen",75,38,0
"GAMLSS","M","subcortical","Left-Pallidum",75,38,0
"GAMLSS","M","subcortical","Right-Pallidum",75,38,0
"GAMLSS","M","subcortical","Left-Hippocampus",75,38,0
"GAMLSS","M","subcortical","Right-Hippocampus",75,38,0
"GAMLSS","M","subcortical","Left-Amygdala",75,38,0
"GAMLSS","M","subcortical","Right-Amygdala",75,38,0
"GAMLSS","M","subcortical","Left-Accumbens-area",75,38,0
"GAMLSS","M","subcortical","Right-Accumbens-area",75,38,0
"GAMLSS","M","subcortical","Left-Thalamus",100,38,0
"GAMLSS","M","subcortical","Right-Thalamus",100,38,0
"GAMLSS","M","subcortical","Left-Caudate",100,38,0
"GAMLSS","M","subcortical","Right-Caudate",100,38,0
"GAMLSS","M","subcortical","Left-Putamen",100,38,0
"GAMLSS","M","subcortical","Right-Putamen",100,38,0
"GAMLSS","M","subcortical","Left-Pallidum",100,38,0
"GAMLSS","M","subcortical","Right-Pallidum",100,38,0
"GAMLSS","M","subcortical","Left-Hippocampus",100,38,0
"GAMLSS","M","subcortical","Right-Hippocampus",100,38,0
"GAMLSS","M","subcortical","Left-Amygdala",100,38,0
"GAMLSS","M","subcortical","Right-Amygdala",100,38,0
"GAMLSS","M","subcortical","Left-Accumbens-area",100,38,0
"GAMLSS","M","subcortical","Right-Accumbens-area",100,38,0
